id,clean_category
B00TS18AEA,battery_charger
Eat_to_Live_The_Amazing_NutrientRich_Program_for_Fast_and_Sustained_Weight_Loss_Revised_Edition_Book,book
Book_23,book
c9d140d976657e8d058bd6bc3dc068b87daf9260,book
B078GTTCCF,book
Book_5,book
Book_15,book
8db837a85a24fbb6e51e4bba33cd3253d0ebfa92,book
Book_21,book
B01DN8TB5U,book
c42c9cc7db0f5e58e14f3d6acfff94c9b2c5f488,book
d413be1b49919287e484dd5cb5658c56b05aebf5,book
8f2898b7a87221b1689078fedc133b3aea95a38c,book
e204459fc66073fd8832ec0c5f5f9c018ae2f440,book
1ccad6983b2f452110705e8175626fc2760a106a,book
bd53d8e362a0b1c63854b3d97187ba2f46a36a57,book
79431fb55870504f86c5f3e2e4c47f4ba88f63e0,book
Book_24,book
Book_11,book
b6e22b867069fc1a559eeade866de21ad233fb8c,book
Book_4,book
0e00b8fa01cc07735378cc1df01619b667af2698,book
Book_19,book
Book_17,book
Book_20,book
9434ebf4ba8489f4ba751d2b67688d120f822d0c,book
2d16bb0da869abae99bb080d54869111fdfa2c67,book
7c4abfaad6caa34008cf4aac249adcba013ad51b,book
Book_14,book
bf3d6b452f8d2ea2af24debf3b19cb187d6798af,book
361a6c08b1137a16977f5a00761aabcb311a7475,book
Book_26,book
c366e25f8eedfeff6ebe1991e712b91ef235031f,book
73e424cce8835563a1ca043e199122c3dfe62d11,book
Book_10,book
Book_22,book
Book_3,book
c28aa62e0d287fa9b35fa7e64b4379f66004225c,book
e46d683380db1069cea53aaec940d9c400c9b61d,book
edf5a667080ed733fda55514ee18a8081f9dcf9c,book
xxxx9a19f571x1dc0x45c3x99fdxbf82a1abcb7f,book
afe9e2965cc528e785591c47971a404d742e2c7b,book
0e11918fe7eaf8bdee859494e0d3dfe59d5b2d32,book
99843575975c6fcf087647c77f56bce970b7902a,book
8c6411e06f17477320b687b36a247e4ebc86dc3d,book
Book_13,book
6305d9ce403689f0085d59aa72008c136ef8fa58,book
2a06baac13fbb8210ccc11325b72b844426c208f,book
Book_9,book
Book_16,book
e6a24c5d82ac274c29caa24dc71c18c5c5481a56,book
fa86c98cbdba8962a436be647969fa0f304d2c84,book
Book_7,book
1aedffbcaec52392b114758a0490c39ea92080e7,book
Book_1,book
387d604356db232de6468dc6a4c66230c8cd0fac,book
Book_12,book
dbcd7791f12e9e9ae40e8ea77a8203bf66cb50a1,book
188c1fa84ac72c9d9f17430052459e4cfebc0f81,book
10aad7e8b95a3bc4bf9cc81d416016befad8e737,book
Book_30,book
917651b88d2d95bdb9d186328a36a94b1a1f3222,book
Book_18,book
Book_6,book
6c012b2a87c94cc8b26d014ba8601b4eadf0c17d,book
Book_27,book
9e0b08eceb97e1b79cb728ec31891e71ac97570a,book
21e5c7cabc2047f82439c63c8e5e785d58a67bfc,book
Book_25,book
28b8057ff4790e3860c3494e093f2fadd3c422fd,book
Book_2,book
631cf05ac0f3bcc4f61054911a84cbc9ccc37d3a,book
Book_29,book
18e6fa40bb534fe88001d8a79022fedbdfa58e54,book
Book_8,book
Book_28,book
d3bc33eb5aafbdab8388188e6d76ca75e537a18a,book
5bb85d3caf11acb1eb2f299ccc724eb7a855b7cf,book
9c395719a9c79bc2333db882a9370a913c0e3471,book
xxxxc7c6f64axb1d5x4e58x8b61x553c557dc68f,book
2f7ac29a1a7006f169b9a6235de97532c78b03c5,book
d344e96d26c7f5ca8ffcad826d39617635f81def,book
81c6dd3830a8df6644bd1f6b9a239615234e888f,book
Threshold_Bead_Cereal_Bowl_White,bowl
ec97c8297cfd755ee3ab2a1d8476d60d0afe84eb,bowl
Footed_Bowl_Sand,bowl
B075HWTX4Z,bowl
Bowl_26,bowl
48277d16bf13630253d689050996618fb110b343,bowl
Threshold_Porcelain_Serving_Bowl_Coupe_White,bowl
Bowl_12,bowl
Bowl_15,bowl
Bowl_16,bowl
Bowl_27,bowl
Bowl_28,bowl
694889dda7ff371417c7fb85da4ce6973be3c8aa,bowl
798d3da97aa9cbf7bcab52071200338b482f3a0b,bowl
Bowl_2,bowl
647b37525fb5214528260ec0fb59ef2347d68ce0,bowl
Bowl_30,bowl
e61f5c2f356c354af2dccff80eb7609b39d19397,bowl
Bowl_11,bowl
B075HWDSDK,bowl
Bowl_17,bowl
afe2a47842d4d89337398f1412c5330aad6ce9dd,bowl
Bowl_4,bowl
Cole_Hardware_Bowl_Scirocco_YellowBlue,bowl
Now_Designs_Bowl_Akita_Black,bowl
xxxxbcdf0625xdd05x4bb0x8c90x522f58f47de3,bowl
Sea_to_Summit_Xl_Bowl,bowl
e5371dec8e064b3a3611ec880315a8e519e0e03b,bowl
11a27304451d7af4d398303cccdfea4d8c26ebb9,bowl
8703b6343efd1b00f37c102d7fa76fb08db66d7a,bowl
23f37264ac6b7a445a6c1be53d464660b8c8b2ec,bowl
65d4ce13f8eae64e5ffe4073c3bd9e403904d0d5,bowl
Bowl_20,bowl
Bradshaw_International_11642_7_Qt_MP_Plastic_Bowl,bowl
Bowl_9,bowl
55727571c1ad5a8082817f7e49f4239f4d606724,bowl
bbebc9bb04547add4f5fc38f885595451dadb09c,bowl
968e253549f156221a1d7487d8fade0ee8f3c913,bowl
Bowl_5,bowl
xxxxed731722xceb4x4be0x8226x59294aacdf10,bowl
Bowl_24,bowl
Bowl_14,bowl
Bowl_25,bowl
98bda20462843fb446a678c0cfca18f2736f7060,bowl
e102c85032933084b9cf7af4a75c9f33ba6ccf3b,bowl
93107d702eede74e64d4778192f1fce0a8ee2f43,bowl
Neat_Solutions_Character_Bib_2_pack,bowl
Bowl_18,bowl
Bowl_1,bowl
Bowl_21,bowl
7aec926807a58f4ec2071758b4e6d46f91de9d08,bowl
Bowl_22,bowl
115e795ad1493bd23ae7974184818cd51b937001,bowl
91b325c9cc01f9cee08f3cb14ff3a779a241293a,bowl
Bowl_6,bowl
Bowl_13,bowl
0443db4d501a2ef4f89301f47f4be51a6be97d5f,bowl
391972f73810b6eab26e322652d88a61aea7a739,bowl
Bowl_7,bowl
Bowl_19,bowl
3c27194087623f99e782a195b0dc6e29dd070e9e,bowl
ed14e770fd67e162579a13fc83a47646527f1625,bowl
4df6a26c581ab5ed73699c38c45f990270b75533,bowl
e6457ccaac67b796ef057aec87c6b72adfcedc95,bowl
71d3031518f78e2d97e5eb22059e6ca50ded3c93,bowl
0048aa55e40dab26ce2b71e75489a72aae764419,bowl
dcbb308c375e044129e5e5a8723960b0dafd9c9b,bowl
Bowl_10,bowl
2f8836e88a478a38746f7811a705cfe91f8da0db,bowl
Bowl_23,bowl
Bowl_29,bowl
d45dd6a62736c91ccfeaa54ad57847589712d8cb,bowl
Bowl_3,bowl
dd7ba81dec1b0d179969f3913fb1964102e42b74,bowl
Bowl_8,bowl
009fc9a64b1408e3e14591fd54ac06bfce96478b,bowl
Calphalon_Kitchen_Essentials_12_Cast_Iron_Fry_Pan_Black,bowl
799b6b6c4c29dfc2bcde655c5d0694d4ada9f5b3,bowl
B075HXHKTZ,candle_holder
B075HR7LD2,candle_holder
B075HX7JB2,candle_holder
B07M6PJ66Q,canister
B07M6PK8QN,canister
B07MBFDKYY,canister
B07MF1SFKD,canister
B07MF1NJ7Q,canister
B00F5CKWBA,carrying_case
Box_4,box
Phillips_Colon_Health_Probiotic_Capsule,box
Office_Depot_Canon_PG_240XL_Ink_Cartridge_Black_5206B001,box
Asus_Z97AR_LGA_1150_Intel_ATX_Motherboard,box
B073PB1H88,box
Box_13,box
Office_Depot_Dell_Series_9_Color_Ink_Ink_Cartridge_MK991_MK993,box
Sony_Downloadable_Loops,box
Box_5,box
Philips_60ct_Warm_White_LED_Smooth_Mini_String_Lights,box
Box_27,box
Box_7,box
DecorativeBox3,box
646144788153660717192cf8a799c12319e9d117,box
Nestl_Crunch_Girl_Scouts_Cookie_Flavors_Caramel_Coconut_78_oz_box,box
Perricone_MD_The_Power_Treatments,box
Perricone_MD_AcylGlutathione_Eye_Lid_Serum,box
Office_Depot_HP_61Tricolor_Ink_Cartridge,box
Perricone_MD_The_Cold_Plasma_Face_Eyes_Duo,box
B073V1SPHP,box
Dell_Ink_Cartridge_Yellow_31,box
The_Coffee_Bean_Tea_Leaf_KCup_Packs_Jasmine_Green_Tea_16_count,box
Nips_Hard_Candy_Rich_Creamy_Butter_Rum_4_oz_1133_g,box
Epson_LabelWorks_LC4WBN9_Tape_reel_labels_047_x_295_Roll_Black_on_White,box
25edae83c6b16ef5b10514124e2d06a932fbffc9,box
B075HXHKVF,box
Brother_Ink_Cartridge_Magenta_LC75M,box
Dell_Series_9_Color_Ink_Cartridge_MK993_High_Yield,box
Nescafe_Memento_Latte_Caramel_8_08_oz_23_g_packets_64_oz_184_g,box
Perricone_MD_Face_Finishing_Moisturizer,box
B07F3W4QWM,box
Office_Depot_Canon_CLI_8CMY_Remanufactured_Ink_Cartridges_Color_Cyan_Magenta_Yellow_3_count,box
Sonicare_2_Series_Toothbrush_Plaque_Control,box
TWISTED_PUZZLE,box
Black_and_Decker_PBJ2000_FusionBlade_Blender_Jars,box
Office_Depot_HP_920XL_920_High_Yield_Black_and_Standard_CMY_Color_Ink_Cartridges,box
Office_Depot_Canon_PGI5BK_Remanufactured_Ink_Cartridge_Black,box
Box_9,box
Perricone_MD_Cold_Plasma,box
B071225BBS,box
DecorativeBox2,box
Box_19,box
Office_Depot_Canon_CLI_8Y_Ink_Cartridge_Yellow_0623B002,box
B075HWBL9Q,box
Asus_M5A78LMUSB3_Motherboard_Micro_ATX_Socket_AM3,box
Perricone_MD_Vitamin_C_Ester_15,box
0fd6dd8b61f930d6c1e1bab3d5db2d7cbd342e58,box
Box_16,box
Pepsi_Caffeine_Free_Diet_12_CT,box
Canon_Pixma_Ink_Cartridge_251_M,box
Office_Depot_HP_564XL_Remanufactured_Ink_Cartridges_Color_Cyan_Magenta_Yellow_3_count,box
Swiss_Miss_Hot_Cocoa_KCups_Milk_Chocolate_12_count,box
Epson_UltraChrome_T0543_Ink_Cartridge_Magenta_1pack,box
Perricone_MD_Nutritive_Cleanser,box
Perricone_MD_Vitamin_C_Ester_Serum,box
B075HWDS7Y,box
Box_2,box
Office_Depot_HP_75_Remanufactured_Ink_Cartridge_TriColor,box
Pok√©mon_Omega_Ruby_Alpha_Sapphire_Dual_Pack_Nintendo_3DS,box
Crunch_Girl_Scouts_Candy_Bars_Peanut_Butter_Creme_78_oz_box,box
Epson_T5803_Ink_Cartridge_Magenta_1pack,box
42105592e35934803a55b6510bb230ccdfe190a1,box
27584d59cc4fe564020ed5d65dbb5762d0638404,box
Tetris_Link_Game,box
Asus_Sabertooth_Z97_MARK_1_Motherboard_ATX_LGA1150_Socket,box
Office_Depot_HP_74XL75_Remanufactured_Ink_Cartridges_BlackTriColor_2_count,box
B075HXQJT1,box
Office_Depot_Canon_PG21XL_Remanufactured_Ink_Cartridge_Black,box
Balderdash_Game,box
Office_Depot_HP_950XL_Ink_Cartridge_Black_CN045AN,box
Box_26,box
Perricone_MD_Neuropeptide_Facial_Conformer,box
Box_20,box
Super_Mario_3D_World_Wii_U_Game,box
Asus_X99Deluxe_Motherboard_ATX_LGA2011v3_Socket,box
Perricone_MD_The_Metabolic_Formula_Supplements,box
Office_Depot_HP_98_Remanufactured_Ink_Cartridge_Black,box
Perricone_MD_Firming_Neck_Therapy_Treatment,box
Box_17,box
FemDophilus,box
Sorry_Sliders_Board_Game,box
Beyonc_Life_is_But_a_Dream_DVD,box
Paper_Mario_Sticker_Star_Nintendo_3DS_Game,box
Perricone_MD_Omega_3_Supplements,box
Box_23,box
Asus_Sabertooth_990FX_20_Motherboard_ATX_Socket_AM3,box
Box_21,box
Crayola_Crayons_Washable_24_crayons,box
Epson_UltraChrome_T0548_Ink_Cartridge_Matte_Black_1pack,box
Crayola_Washable_Sidewalk_Chalk_16_pack,box
Firefly_Clue_Board_Game,box
Nestle_Skinny_Cow_Dreamy_Clusters_Candy_Dark_Chocolate_6_pack_1_oz_pouches,box
Asus_M5A99FX_PRO_R20_Motherboard_ATX_Socket_AM3,box
Perricone_MD_Neuropeptide_Firming_Moisturizer,box
Asus_Z97IPLUS_Motherboard_Mini_ITX_LGA1150_Socket,box
Box_14,box
Perricone_MD_AcylGlutathione_Deep_Crease_Serum,box
Perricone_MD_The_Crease_Cure_Duo,box
Tena_Pads_Heavy_Long_42_pads,box
Pokmon_X_Nintendo_3DS_Game,box
Animal_Crossing_New_Leaf_Nintendo_3DS_Game,box
Box_29,box
Perricone_MD_OVM,box
Crayola_Washable_Sidewalk_Chalk_16_pack_wDZECiw7J6s,box
Perricoen_MD_No_Concealer_Concealer,box
Cootie_Game_tDhURNbfU5J,box
a964c4d71e0119c73560715b0c3e4b27d81bb595,box
Box_11,box
Box_6,box
DecorativeBox4,box
Canon_Ink_Cartridge_Green_6,box
Black_Elderberry_Syrup_54_oz_Gaia_Herbs,box
Perricone_MD_No_Bronzer_Bronzer,box
04f411297e7255eee22742e15995c9d138c41d62,box
Box_24,box
d6189c1cfc1e10376309aaa049f36275e5c2990a,box
Crayola_Model_Magic_Modeling_Material_Single_Packs_6_pack_05_oz_packs,box
FisherPrice_Make_A_Match_Game_Thomas_Friends,box
Perricone_MD_High_Potency_Evening_Repair,box
Philips_Sonicare_Tooth_Brush_2_count,box
Perricone_MD_No_Foundation_Serum,box
Canon_Pixma_Ink_Cartridge_8_Green,box
Frozen_Scrabble_Jr,box
Box_15,box
Box_28,box
Crayola_Crayons_120_crayons,box
Dell_Ink_Cartridge,box
Epson_Ink_Cartridge_126_Yellow,box
Crayola_Bonus_64_Crayons,box
B0711RQMNF,box
Box_3,box
ebce1f2f3ee46a07b1a94a554202b18e684dd6cc,box
Perricone_MD_Hypoallergenic_Firming_Eye_Cream_05_oz,box
Pass_The_Popcorn_Movie_Guessing_Game,box
Frozen_Olafs_In_Trouble_PopOMatic_Game,box
Orbit_Bubblemint_Mini_Bottle_6_ct,box
Nestle_Nesquik_Chocolate_Powder_Flavored_Milk_Additive_109_Oz_Canister,box
Office_Depot_HP_71_Remanufactured_Ink_Cartridge_Black,box
Office_Depot_Dell_Series_1_Remanufactured_Ink_Cartridge_TriColor,box
cf301753050d527b32f8cbfa9f3e2c3410f205a8,box
8c8df98aa3b25617201f5c40ae09bd20648ee8d7,box
Box_8,box
B073PB3FXD,box
Office_Depot_Dell_Series_11_Remanufactured_Ink_Cartridge_TriColor,box
Crayola_Model_Magic_Modeling_Material_White_3_oz,box
Office_Depot_HP_564XL_Ink_Cartridge_Black_CN684WN,box
Nintendo_Wii_Party_U_with_Controller_Wii_U_Game,box
Perricone_MD_Best_of_Perricone_7Piece_Collection_MEGsO6GIsyL,box
Blue_Jasmine_Includes_Digital_Copy_UltraViolet_DVD,box
Box_1,box
Epson_273XL_Ink_Cartridge_Magenta,box
Final_Fantasy_XIV_A_Realm_Reborn_60Day_Subscription,box
Canon_Pixma_Chromalife_100_Magenta_8,box
Office_Depot_Dell_Series_1_Remanufactured_Ink_Cartridge_Black,box
Epson_LabelWorks_LC5WBN9_Tape_reel_labels_071_x_295_Roll_Black_on_White,box
Philips_EcoVantage_43_W_Light_Bulbs_Natural_Light_2_pack,box
Office_Depot_HP_2_Remanufactured_Ink_Cartridges_Color_Cyan_Magenta_Yellow_3_count,box
Office_Depot_Dell_Series_9_Ink_Cartridge_Black_MK992,box
Sony_Acid_Music_Studio,box
Epson_DURABrite_Ultra_786_Black_Ink_Cartridge_T786120S,box
Nescafe_16Count_Dolce_Gusto_Cappuccino_Capsules,box
New_Super_Mario_BrosWii_Wii_Game,box
Crayola_Crayons_24_count,box
Office_Depot_HP_96_Remanufactured_Ink_Cartridge_Black,box
Office_Depot_HP_932XL_Ink_Cartridge_Black_CN053A,box
Epson_Ink_Cartridge_Black_200,box
Deskstar_Desk_Top_Hard_Drive_1_TB,box
Box_18,box
Arm_Hammer_Diaper_Pail_Refills_12_Pack_MFWkmoweejt,box
Canon_Pixma_Ink_Cartridge_8,box
Canon_Pixma_Ink_Cartridge_8_Red,box
Pokmon_Conquest_Nintendo_DS_Game,box
Perricone_MD_Photo_Plasma,box
Canon_Pixma_Ink_Cartridge_Cyan_251,box
Office_Depot_Canon_CL_41_Remanufactured_Ink_Cartridge_TriColor,box
Asus_Z87PRO_Motherboard_ATX_LGA1150_Socket,box
Perricone_MD_Cold_Plasma_Body,box
Black_Forest_Fruit_Snacks_28_Pack_Grape,box
Nestle_Nips_Hard_Candy_Peanut_Butter,box
Apples_to_Apples_Kids_Edition,box
Nestl_Skinny_Cow_Heavenly_Crisp_Candy_Bar_Chocolate_Raspberry_6_pack_462_oz_total,box
Supernatural_Ouija_Board_Game,box
Box_12,box
DecorativeBox1,box
Phillips_Caplets_Size_24,box
Brother_LC_1053PKS_Ink_Cartridge_CyanMagentaYellow_1pack,box
Persona_Q_Shadow_of_the_Labyrinth_Nintendo_3DS,box
Perricone_MD_Chia_Serum,box
Perricone_MD_Super_Berry_Powder_with_Acai_Supplements,box
Nestle_Carnation_Cinnamon_Coffeecake_Kit_1913OZ,box
Nescafe_Momento_Mocha_Specialty_Coffee_Mix_8_ct,box
NESCAFE_NESCAFE_TC_STKS_DECAF_6_CT,box
Office_Depot_Canon_PGI22_Remanufactured_Ink_Cartridge_Black,box
Box_22,box
Office_Depot_Canon_PGI35_Remanufactured_Ink_Cartridge_Black,box
Box_30,box
Asus_80211ac_DualBand_Gigabit_Wireless_Router_RTAC68R,box
Box_25,box
Office_Depot_Dell_Series_11_Remanufactured_Ink_Cartridge_Black,box
Pepsi_Cola_Wild_Cherry_Diet_12_12_fl_oz_355_ml_cans_144_fl_oz_426_lt,box
Office_Depot_Canon_CL211XL_Remanufactured_Ink_Cartridge_TriColor,box
Box_10,box
Office_Depot_Dell_Series_5_Remanufactured_Ink_Cartridge_Black,box
Crayola_Washable_Fingerpaint_Red_Blue_Yellow_3_count_8_fl_oz_bottes_each,box
Canon_225226_Ink_Cartridges_BlackColor_Cyan_Magenta_Yellow_6_count,box
Black_Forest_Fruit_Snacks_Juicy_Filled_Centers_10_pouches_9_oz_total,box
Office_Depot_Canon_CLI_221BK_Ink_Cartridge_Black_2946B001,box
B00R3MZITG,dumbbell
B01LR5RSG0,dumbbell
B01LR5RVYE,dumbbell
B01LR5RBZ8,dumbbell
B074DZ5YL9,dumbbell
B01LR5RO5U,dumbbell
B01LR5RG08,dumbbell
B074DZGRMG,dumbbell
B074DZHYS6,dumbbell
B01LR5R18K,dumbbell
B01LR5S1WA,dumbbell
B074DZ6NGS,dumbbell
B01LR5S6HK,dumbbell
B071WSFSGC,dumbbell
B074DZNJ3T,dumbbell
B074DZ6NJB,dumbbell
B074DZ65J3,dumbbell
B074DYLY5V,dumbbell
B074DZFKH6,dumbbell
B01LR5SIRI,dumbbell
B01LR5RK0Y,dumbbell
B01LR5SEKE,dumbbell
B01LR5SAIA,dumbbell
B01B254OVC,folder
B00DUGZFLK,handbag
B00DUGZFA6,handbag
B07HK83QRB,lamp
B07HK3PNSK,lamp
B075X2LLWF,lamp
B013TGFGWS,laptop_cover
B00JM5TTWO,laptop_cover
B01MZ81SKB,laptop_stand
B00WRDS8H0,laptop_stand
B00WRDRRWW,laptop_stand
B00WRDS0AU,laptop_stand
B017DORX3M,monitor_stand
B017DOS5C0,monitor_stand
B003QTD4Y6,mouse_pad
B06X3W3YQD,mouse_pad
B06X6H2WF7,mouse_pad
B076YRSWH2,multiport_hub
B076YNV36K,multiport_hub
B076YFNTRS,multiport_hub
B076YJ1XZS,multiport_hub
B076YKYHCB,multiport_hub
B076YJFGCW,multiport_hub
B076YJFGCN,multiport_hub
B076YS4SJT,multiport_hub
B076YRSP32,multiport_hub
B076YRSWGH,multiport_hub
B076YL2CTT,multiport_hub
B076YRSWGW,multiport_hub
B076YRSWH3,multiport_hub
B076YFNTSN,multiport_hub
B076YFLYFR,multiport_hub
B076YLWTPR,multiport_hub
B01IJ5A0PC,phone_stand
B01IJ5A2UA,phone_stand
pillow_4,cushion
c1eebdc4888ed084314f15e8547a22f725f5f818,cushion
b5818ca4cd4a3fa1884ecca7995af62149da13a3,cushion
xxxx8a64d36ax736ax4dc9x99f8xa2b68365e94e,cushion
2dee26ada15e0c2591ab9f19b3386d8929ee1515,cushion
ae971cf1248f4aff07a3cabd0d19353964c313c9,cushion
pillow_6,cushion
e0e3a0e2063464e0ed033315746dca3f62401549,cushion
6d4bd784f6705ce51a304c1a98df9c5babcc05be,cushion
B07MF1RR14,cushion
3a4de797eaf7e86ae473c53104760c4457a3ee15,cushion
5f2d27e98b7ea385ed2b50519926a23cbbfb96fc,cushion
5d9b5550007cd90910a97c826ab866bb16ba8a4e,cushion
a8ffa8fc0627283171cb66d6c9a4fe4c445d14dc,cushion
75ded4e81ac4482d81d7fa40552045df52768911,cushion
2112ac57da8c769fdd1766b5b66db787fcf29069,cushion
03db515e46a0ad189105897ee11576bf0513bb5c,cushion
0b464632636e6fcf8e8039d42f82309bbff208bc,cushion
ba0b27270f2d7b08495e8eff041013d96d5f905c,cushion
d97ae87265bdc52de376c669e2b2ab4025f6d425,cushion
a9e73eb4266cde5b9e1e25ca18be5829001817dd,cushion
c4472ca217b9e9950127380da08708effce795b8,cushion
65c9abdb193b55a48b11192b69678053ae0a0b98,cushion
4b1344e2aefffc21dda963f1df0ffe2cec16c313,cushion
B07JLSSWM6,cushion
2a102acfc249c362eca648f2ae59f0e6487b66da,cushion
B07JLZJG2V,cushion
1323d9a4f7c0f69238a6db411a54ed85976ce03d,cushion
d7d8654b50cbe24a72d81deabb2f317a0905e534,cushion
fd0c0ff8a8550172efb5d3487c1c8aacb4a6f5d3,cushion
71320f99c6618641568d141e9dcd7cb994408132,cushion
8fba7557cf88cc31a6b44a28459b874dc494fe55,cushion
B07JL5PZ1S,cushion
c0b0c87dec3041ed21e55c1c636e0957e7bdf015,cushion
c5fcf6b7903d9e12ace723ffeff19f44387d959e,cushion
b44584c657c4ae1a2c230133997aefd8885cf7d5,cushion
d79618d0a592a3433f372d4cefac5e577c7aca01,cushion
B07JLGCKKJ,cushion
f7085cff7c820e5a9c74e515e00bacc1e56a2974,cushion
74de83890cfd1d14dd84bc878d7c52f7dcf7620c,cushion
7a1c4358fc7c76af7902be3a7688786961983678,cushion
B07JLZC567,cushion
6d3003a6bb48e58ef7bc50b5f81539bf4702cdd1,cushion
876f8ba5321b2761b14cb1f0115ee912e5a0b96c,cushion
B07M6PJ4LX,cushion
7f480b6bdcfe59cb35fa96ade8625c4921fbd84d,cushion
6a2519beef422dc67cbffd40f156a03d27099e08,cushion
B07JKJKJCC,cushion
B07JKJP5N6,cushion
e14fcf4e84764f56c1a29487b45df680b7124655,cushion
e54dc3d50f38ea25737f674b04d8581fdeca9ff5,cushion
b371f5b7a81a330a48c8529beee3c655fa6e03d9,cushion
730051ab5f9e294e8f9139912a598187771d8099,cushion
cc5900bba23d7c46daece6f7a24cd20a491ebc0d,cushion
B07MBF93XS,cushion
a640ae6134ab74e2e2d8b7da6cc1dffdc8eaa76d,cushion
5359e67dc170ea57c34e0ab21552dd5079ca1016,cushion
fe51d88301a8301cc6def692d25784a5bbd5cc2a,cushion
4b4257c16b6eb014790661fc0cfeba5fa9bbc032,cushion
B07M6PJ4MC,cushion
xxxx638af359x991fx4e3ax9d7cx10b39614bf6b,cushion
b3d8fc0343fdfef83b7651a47801cf72128a6270,cushion
7d4c647508b560310f14e9d992979dafd61f897f,cushion
5d17a71502e7a27602e8755574b2d4588a352662,cushion
B07JKJP5N2,cushion
xxxx041a75a1x3270x4573x8991xd08d08e3ae14,cushion
B07JLGCKPV,cushion
3b80c5e16511d91e06778abe6389ac6686408fa1,cushion
90a02b042575c099b81e4f0372a893f78031e355,cushion
0b8ab67101875851aa7447520d5807e67fe798f8,cushion
6ff5251d907c64bfdf8cf4cf04afc9a039dbd4d1,cushion
193f8007669b484da104bb34c3d367210647e480,cushion
24233dc85b27cbfbbfeb019dd674ee2d4dc6bff5,cushion
db1129bfbb71e2a7eeee3538c464bf3fbe927ba4,cushion
a58017bdd5c63666442746ea9baeca7d0a57185b,cushion
da812f26d2448c343cd750d57078fc8d3f251435,cushion
1a1ffc43ec21c48b12650b72f77709d5a74f2697,cushion
B07MBFGB51,cushion
78bb66268105bf1dcdff769949aa5b3508a5f9cf,cushion
e27bd844321a8dff81c1d5895f978ba7742da524,cushion
2e5d3d800dc19b5ba0ec93213d413c53f9b6435d,cushion
xxxx996984dcx59f5x4813xb4a1x3e5021c1fa1b,cushion
c96ca985a9281157cc833ef70cca6d992d382908,cushion
faa19f6d232be5eb22f422290cda6b9a0bd5958d,cushion
ba765c4772e91ddf81250d6431f7233f01e2503b,cushion
B07JPG7K3N,cushion
e2441f79ede3e2c30f23a5b37e675c3689c36f75,cushion
92da8043801940d3b219910f5c7852dc678b89b1,cushion
9f408cf05900baf2f79ce287b5e8ec10709e468f,cushion
xxxx8c029877x36d8x45e2x8f82xc159b9847528,cushion
23838df4e36d1d9844eb89195bc19c0f8bddee04,cushion
8791195b0cbe6a78f2a649b23f1e97c89add69f3,cushion
pillow_24,cushion
e3fd946c45edefb08bb36c29f7755c4a90c67caa,cushion
e4c95482cca64d8c12291dfe5897fa7081104c87,cushion
pillow_3,cushion
73c5703d71d04e71abe1a44006c39e52b9019a9a,cushion
c6939e705b5d024be79b76af8d8b432e9ea0e480,cushion
B07JLST2G7,cushion
2918a1221f785fc66e4bf1665b095afa9ce1ec7b,cushion
a506c15b7a7f4d0fc633a073e7c483c961b3cbf8,cushion
616d758b541907b6dad07d783fb67d0980c201f3,cushion
8b50f6388f968348545e5df221de7011c0abec15,cushion
B07JLGCKJJ,cushion
e17d69a10322122847b830d07109e93ca41caf97,cushion
31fb4ebf30cddd82ba457e4a94e94f8f6c7657a7,cushion
8c3ae4ae678dab4649af6fbae1588966a38bed7f,cushion
9e57af1b16c23e2acc7aa8aeb56bf4542f083bea,cushion
133e3f3027bda528929d8990b65acbaa0671ed4e,cushion
2c15efb833211d784d267d1af34267965a4c88ad,cushion
pillow_18,cushion
7db892f5e4439c39cf6907a73e23f924ba11547c,cushion
B07JLSSYT5,cushion
a05e849b1e9578645f9d1fbded44644f55128101,cushion
5330e5d35c400b82e58d1a85e4959a33f7c2964d,cushion
487c9d12f288b57ff14645e816666a9f3080812c,cushion
e782e7768c9bf8efa7a01d10f048b3e56ea3f9e1,cushion
4e9dab0f0b6921ceecf74f65a2980903e25fdae1,cushion
7b49505186a34ac8f7390a6cae35e6e8be0b65f9,cushion
27a6e39d531c9e64ccfb95f57da88c6b7766e300,cushion
32e6015fabc0e2bd7e8ad9970173c52e23b8957d,cushion
B07JLZ7QDP,cushion
129106295eb39d18aac50e32aed62d6577cc0d99,cushion
b6690d7957484c3ab8c86901e6eb4ae0cf8ca377,cushion
2246723fa8585d64664fcca5dfd01e990b823fdd,cushion
2c1c74ae8203cb548aa3bc5bee464c8fc2423607,cushion
f0b1373db08b9bbf978e41654ea70c85db16bea7,cushion
029320781a2fc9117543a3004e3bf0dd78616470,cushion
B07JY4GZW8,cushion
B07JL5Q7FC,cushion
ddd0c97dc2930ce7161187a00d002fc5cfa4c612,cushion
549009278de1efc70ca5b4ee51f88cf7b04b43db,cushion
51a82cb5a7e221dbe49bd694d83d2caa9b220b2a,cushion
00b543e5c1ec525f02523484c372d31fbcc696ea,cushion
dbc51b634eba6fabcda98e914361de9d7764a671,cushion
6b7ebb851b33edbd484a046ccf9ceb1134c471a5,cushion
c15250e40df1bf237336358f1fc4f4f8f4c800a2,cushion
776f3530cb5858583bff8a5556c38b5b2c876c55,cushion
859e59d95cf7d15023e25c9ac5c93931553caed3,cushion
481284cdbd0f8573163593bd67182696d6b1a491,cushion
903c47ff263e0802e0c380e47f26348d192c665c,cushion
8e0b9a2ce5f3af2c280e23ba63cbfbde78867207,cushion
B07JXDPKBR,cushion
2fb8e419222b0e5265424f021efd650286dc1894,cushion
bcbb14de3ef8819f2ba2df51ff769b4a61fe0a7b,cushion
c36462b8244ce01c07c03e1c6e08bd2c69a2af1e,cushion
8735071b2a1ca57f774cd43d3ed0a2751c528884,cushion
002f87c8e4e2b870387e095797a2f40b30e7baec,cushion
6bc1d5984d7a16d0342188edf662de3dae7a1a26,cushion
de4c07542babc2f77245d343aee1e6e5acb0941f,cushion
B07JKJP7QG,cushion
e58b65178e79d0ea46d60521aa1137344bf6b036,cushion
78dd5e949d7df816ac67920463345420646eb708,cushion
B07JQX8DV8,cushion
e50137b5a3dd3a4f670418a240e2d7de269f8e6c,cushion
B07JLSSWCP,cushion
b8991630db79e6c6ab40e844759564dd96637fa3,cushion
7a1da1c983712d6cb8e82681c72b66da03fa037b,cushion
9e2b2559015dbc36eb323998201baf709c22e1d2,cushion
pillow_30,cushion
2be4c3572c9e74ad4d85689df775dd438c3ac7c8,cushion
pillow_25,cushion
cbf66246fbbe6ec055a967d3618ae4129b4d5c68,cushion
0cbf999d1253ea1f444bdf16c2ee625deff8e756,cushion
B07JKJSLWM,cushion
0df420ba1955cb367db1e0ee098332b84bf040a5,cushion
619269b259a849e647ef885f13642dab1060a380,cushion
9d4ad983d032d320ca0ed6ecb47b71258d18dc80,cushion
45a8faad91c6b065d37cc689b6a3c674f2b9d4d1,cushion
37a878a151fe7fdeabe1e2480684f5a6112e5feb,cushion
0b0b04bfddf686d7acbfa435e5ee6a8be5335328,cushion
af682e4476cc11ea9ae59186c27ca271edd5e221,cushion
pillow_26,cushion
fea22a2f360f47c36578e3f793525e53c28f0a10,cushion
pillow_8,cushion
7049c96c99124b73ed2e8ce69c874b600f0b379f,cushion
fd8d2fe025eec667866cae0c9908a8f1cc486228,cushion
2ee2e9c2ca6484b89ba607acc837ab0f51fce171,cushion
e2f243346d7a2c02a492adba3098b3e732417ebf,cushion
pillow_27,cushion
1b706dbc65e1ecf00016d464cb3ee9bccb7dc96a,cushion
70f7938f0e85f8361b676f18969e934f05be8f5a,cushion
xxxxfd0c8cbfx9cbax42e1xbba6x3d56adb64218,cushion
d64b292957a43247fa3792f6bd1d575466dcf769,cushion
2086992b17fa1ad6882c1442ef4f15b1b4142460,cushion
748ccdbbac88181d4a7c064efceb64d1fb4bde2f,cushion
B07JL5PT1J,cushion
55a1ffd21d700770bdfe2904152e6e7652d9ebf7,cushion
9c0e03bc1bcfc38cc33381a31cf0cb0eb07c2db4,cushion
786502f5c1c94c2c58feda6c8b9515edc192af5a,cushion
befb176958fba73675904a995e32aafae2841824,cushion
39404b2e277c41cac40093adc87ed510da39aca4,cushion
cc779956c36e5f3b15a84918b2fa40295f1c4773,cushion
1e621d79a5af2aabc745c8993082f76629528f78,cushion
0e08e658a0cc484570751b42c2784f53297b862f,cushion
397c30169e061925b4157b1b2cee783bd25dc56b,cushion
8ddc3d044fc22331b0cfdff50db2ca48a023ffe7,cushion
0db7078f7703f0a0f32a47c8e9b8f76e2bf61b54,cushion
B07JKJSJ9F,cushion
B07JM1QSL6,cushion
8530b6bf34fd9a647efcc55f188e22a05ab89bf7,cushion
pillow_11,cushion
28436c38337eb67ae8d04d2c471deae7aed97fb4,cushion
B07JL5PLPK,cushion
8a87da4e6f20989ade61e37c43f8c306c6353ef4,cushion
52a8210e7629b5564298a9b4c637e7365acd1f70,cushion
pillow_28,cushion
6511c3140f37ccb0742673ed34b3b189ceced758,cushion
xxxx6ffe1177x99fax4d71xa773x4a1a44dd25ed,cushion
9929e9ecbc0aee77d8493fa03752b8376ccb54d9,cushion
97f5b6e8724726978d08518a54490ffdd59f0f2b,cushion
B07JLSSW6K,cushion
1b2aeea2950a58551e6463fdbaefc03a7a912fff,cushion
19079bc04b922fbf1b9ffac1983b0f088fe1eab8,cushion
0678d5e4b8b1ceedadaa6ca750edb759910e2053,cushion
08c62bf3d64aa02805d5ae80a64361e16e3e0c24,cushion
eaf5d6b91e4806848c3f394cea2a36e9a7204662,cushion
07534d847b14fac9fd32730ee2581fa4c22f2768,cushion
59503e2e56d8990aa577d04ff110fffca8b9aae3,cushion
B07MBFDS2R,cushion
115303a4c8d577475d304f0aac234de9a0fb0156,cushion
B07JM1XVHS,cushion
b06b267984dec630bb9f0a0481b798955059fca7,cushion
edfa72764d7e160fc8bc0ef4bd2ee480c4b6dca6,cushion
3f0dd5f850d5f769c9f6c409b97a6cb20ceb0ec8,cushion
xxxxc30e08f4x160ax4eb1x8845xa223d2a9b435,cushion
eef3db56fba979e8543edc586b3749e9383fcdc7,cushion
B07JKJSTL4,cushion
xxxx6cb87718x6144x4b76xb562xb99e16b34553,cushion
7426e2cd3752400c8eb20a2914f569817c3eeff9,cushion
d9eeae92d87296aa2f9a8ec1e2b8f729b861de62,cushion
B07M6PKCPF,cushion
ba01530d043d906de59d3cebf910365e2d0f3b23,cushion
B07M6PJ67T,cushion
07bc2b656ca791517e755ebc30406b00a45724d3,cushion
2dba1ac5ece0278e56ecab61b7d2d9e750a51914,cushion
90490b30a3bd57a95fd8b8ea46f3a88e7be4d624,cushion
9ad203f8b978af549108a2e91b692aacfaa351db,cushion
B07JL5PNGZ,cushion
eb666a39a15497803a138f231dbe12d48b61f303,cushion
pillow_23,cushion
B07JL5PNHT,cushion
B07JQYHQ9D,cushion
b63342d90580e1719522fa6313f73af190f4baf9,cushion
ee8637bede8d8bc3d3f206f6008a1cf60817cedc,cushion
33fd4562e23904d53be190b35c5b7d3ff6047646,cushion
7add51eeca2fe20b270fa96ef6c002aab3020170,cushion
B07JLGC7XN,cushion
B07JKJSLXR,cushion
pillow_1,cushion
4268591d5dd40d5ecda06a244639462ceacf67a4,cushion
4410b9775c033a58c75efaffb9cccb1ce3b2277c,cushion
B07JLZJ94P,cushion
B07JLZJ94R,cushion
c309eda1f978f3721f8664b12f8a9c2414df3252,cushion
B07JKJKH43,cushion
0978b652fcaa6190a0b614c32e3c6abb2cc5da98,cushion
262abce62a15f965d65606a9a2710b0beee3a546,cushion
0d7da84758fb997f003bba227a886e07f7fb8486,cushion
84f587619a6415604ef4b4c02da6bec3e96a25b0,cushion
pillow_5,cushion
xxxx89738871x99acx4877xae92x8b914253a0c7,cushion
7ce0dd0ec341b1d36b9eb1f5966bff31f459bf02,cushion
B07JLGCLV3,cushion
B07JL5Q12D,cushion
d571d8f6a39fef7153ebb8ee723e4f0279fd3ca4,cushion
1e888d9b36c50320b2cd1691d09845e73ce9f97e,cushion
B07JM1QT63,cushion
031ccffaf5026ee18cdc60c1d3dc62ea41c690d0,cushion
xxxxd71360fbxaefex4891x8c82xefbb2d701018,cushion
B07JLZJ9JM,cushion
43e1b51b7ed143cef82ccda6d61d350caf6a1e43,cushion
82c8de27d7894fd2aa7ec91fd3fb254332cfc82a,cushion
5cd18d52a64052d113a58a5c72c4a7aadefd31f5,cushion
B07JLSSWLN,cushion
e3382c78be27376239a04a5daa7299f3a882210c,cushion
ac7f0aeb74c301dbb6a871f8c1020ff97fc170c0,cushion
xxxxdff89276xa99ax422ex8c43x9266c5331df6,cushion
pillow_15,cushion
cc90c5cf4609f5f9693dc60a0e64cf45c7d5f449,cushion
b6d2d770c0bc4752c89c6f1405c9986d81c3009c,cushion
6488874477b3b2a1f22a7850f315ebfa66e31cff,cushion
B07MBFF1K5,cushion
a13475d927ae8e04cd3bbfa6e384ee0330d8e6a3,cushion
b949b91a6761ec51ecbf9485047920709dd15c33,cushion
db5a42bfb05b92d60fe280d48eb5493d8e9210b7,cushion
B07JL5PT18,cushion
784085a279accc73546b59523144a83f40046c3a,cushion
xxxxc9dd921bx3ac3x4ec3xbd42xd1051b99b543,cushion
e4b1d0d6b3c0f8fb8a728ae4636376f10f1a3b63,cushion
2b97481c9bcba11a74ce9331eb973ac6db2396c5,cushion
B07JXF7251,cushion
4f5d47113c4cc86f9441077d77b162a89029cef2,cushion
66204fa26b334068303591c4e31123030e7c434c,cushion
7e9e1ea776892f4c427cfb2ba93ca21d12cf3927,cushion
fe7bd204726280681e2e10a20fcf6033fce9c8a9,cushion
04b85c45598c9650b3d2d538fe6c737c608a581d,cushion
a5ad2b8123b11b0b0a119849c142cd10c0ab070d,cushion
ad8a6ac19ea02c75c38105671d67f4f93686a49b,cushion
6221ee6c569f2cd1a50820d74366201dd82b9e13,cushion
B07JLZJFWW,cushion
B07JXDPKBQ,cushion
e52aacbf00b74415e9a718d963ddb7c43535be30,cushion
c48d93076b65f58ed1992994cbab16239fb0d24f,cushion
pillow_21,cushion
xxxxd6dd4d47x3311x44e6xaba0x6f7193158e02,cushion
012206d2b382d07af6b113f4968003c7d8d70b85,cushion
9060fa31725f1a51b4b7714a8c9578860d9e1d7d,cushion
9630ac7593f933ea669826d339c77b2f17973115,cushion
xxxxefdf1c75x32c0x4bfaxada2x48abb454466a,cushion
993ff1199d078cae6b4da93bd2247b3a3fa72b89,cushion
4fcb7452a9bd0a46dff33bc7f8ccbc8ff7476872,cushion
9abcfae90b1c809c786607b192800b395830fd36,cushion
pillow_7,cushion
f6e1b91a12a782b87acc2369e613399bd6fd1574,cushion
B07MBFGB46,cushion
94caa134a7e999d3a8df744064177f2350593df1,cushion
b4fadcb8743b75c01e4bfa64e54bd5a86209f3ba,cushion
4da6526aaf4eb7fa9be8038a3335f03a9d14cdc5,cushion
B07JLST325,cushion
B07JQZMSF1,cushion
xxxx8c571039x10c0x4aaex93fbx3b776cf9410c,cushion
d64e9f430e1e2531199e72c58439eff62545c68b,cushion
B07JM1ZP24,cushion
7f86d51f8a5f1e9c32ad7096cdfe205ea4ae9677,cushion
c605855fd97f1798eef75a9c99ed30df8450fe6a,cushion
61bb33a7ffa08bce73405ebe7c6d931ae6c6b2d3,cushion
ff6db99061b0d2d0745a399411e484d35385e2b0,cushion
96235a628c875afb8ec67de2c462a4c2b451723c,cushion
B07JLGBY2C,cushion
B07JLZJ93D,cushion
B07JLZ7QC7,cushion
1800cb6d2678f6ec8478e53e992ae669250b8080,cushion
f06c68f87b5d56cb825f7029249c1eea91dace92,cushion
B07JLZC56G,cushion
b6d0b74cb71a665cfc66b00cc9c7303ddc4eddb4,cushion
3925f8b8166a101d2d81a7947f0884aaef13e772,cushion
fc64d679a53ebcc94fed2536c715d0b1b21ec95f,cushion
4ab7e10da4f03537809c918706c2456a431b8938,cushion
1c3a2db7f8e8ffe9ebb42e5285df71f3ddd3871a,cushion
B07JLZJ93B,cushion
1b9e157550fc5b5c44f898d390b503e012941416,cushion
7e5935dc3b2286c0dbfe461c6ee7d6e3826664ac,cushion
32856ef0051468b85bf88eb693e5f78cfe550bc4,cushion
f1d6e648da6a766b84a7a0c5b3f9df93a09a1579,cushion
B07JL5Q123,cushion
d2678474a0cc066877cce47d349a81c4c2f6c75f,cushion
a75ab1ee47de5ae0a21713f2cf1965b0c8dc8cd3,cushion
b0f4774afd8a4392ec83f91d2d9bba115e927ce9,cushion
d327bd7ba027444c790778cbea7692962ba3e3f3,cushion
50549dea6434f912fa0134d5ed43f35f164908a4,cushion
0fbd6192609bf635c9ba510125e21f86d05018b1,cushion
pillow_14,cushion
144f299fdf4bacb8637a38422a8483c554241a8c,cushion
54bbd167e0d08f75c787422a675088e7fdc87507,cushion
d6a04461b9855cd6fa6a6a234b30d2039a4d3848,cushion
pillow_12,cushion
60347b173896dfa4f431afc166ab594c0ca3fa10,cushion
xxxx7be8b02ax468bx40d5x9fd4x9edca1d27d1b,cushion
ce514fe2653e527bfa11b0e0752ef54d36f5c6e3,cushion
B07JL5PT64,cushion
B07JM1QT5Y,cushion
8672dbd382a312e8cea9a33c681b9ee95b32b0ad,cushion
8cc4297c248a4e5735f39a57ab0a48b103437379,cushion
44b1f3cf3048eb3e6aa6e32e74c85429861aa727,cushion
B07JL5PNHK,cushion
7288d3e89a79c29263431933e2b2dba13debacf1,cushion
ccc492feb8057fb00ebb99bbb049c346855cc183,cushion
45ab88693d0053fdc8bbd8b9aba7cb202161b9bb,cushion
ca1edde60c54c134d8276c5103f274c28e1005ae,cushion
c54489d31fda59e0b89fdf1da56efbb704c5cf64,cushion
7f4dbebcba5be27146af895ef301b0d70ad4fb7c,cushion
fb4b685d7fad41f234069e88f1fc1d10134bded1,cushion
36cccd72a954bd7b08069072d069c6f0b93c06e4,cushion
7b81210ab62dfc33b46c6445b11ca8962ce99046,cushion
B07JKJSLXQ,cushion
B07JL5Q2XQ,cushion
pillow_9,cushion
4c8a0d8db0b1e604f9a2018fc214cc9303afacf5,cushion
pillow_29,cushion
6d207d1911735b52db77c7817278b445c2d0f4aa,cushion
2d53fbbd91b9476e9e2e36c9fbdccf92a4e82a8d,cushion
eb11f9e93435a1956b10ad95bc4b8cbe19358b3b,cushion
B07JLGCKP6,cushion
cfb936ead974440cf048cde240683881fbe1cd44,cushion
bbd11f801cc2af6bd16b1a19180de1ce4d50fb88,cushion
09da56b41f7d3f43a35cc985833a05ff34a9cf37,cushion
B07JKJP8V6,cushion
a093c11a53871a9dbe3c1b2247844c16979c2e2f,cushion
8f283ccafa339aeb40685056f8308f913c43fc8d,cushion
621cce44da2188f7952227253716c2748437fb86,cushion
d208c35b9cb8ceb97ca64e297651f8c24c50b97a,cushion
81d68793c0c79d92a8bf34866efd02cb1066a5cb,cushion
B07JL5Q77N,cushion
3c3695f1e1c2c31e2507ca7e789b133695781752,cushion
9aadc5abe53ec720a8a05e312e3b68f86c5c6d09,cushion
af322da11e1961aab69a9b513966fb2ba4d3d360,cushion
b9f34fec251e217addccee9fc021905f76eaef13,cushion
B07MF1RKS9,cushion
B07JLSSYTG,cushion
c055c30fb20a20b2ab9984e19039416ebe1f1717,cushion
B07JKJKDLD,cushion
a5b5509d27889aa3653568f9252f986aec6507a6,cushion
aef368c5d5013fdcb6f09a4b200aabb90ff3a51d,cushion
B07JLGC7XK,cushion
3e99c10124197b7948be97db5066f25c18d81248,cushion
484f0f9c39984b0bbd30ad5507b1488294346f14,cushion
04a0156632b5fe136cbe6400b23b28cf88d23ccc,cushion
7458255e2e6de219c0e9bb0c8b020f21eb94161a,cushion
B07JLGC7YC,cushion
f051410f7352c01b4ca09825d57d007df8221981,cushion
10b447f63c75b468e62c1ab52b0d28d569d8c9dc,cushion
81630deb0f6186499573f0b63ba1e0b9aa01946e,cushion
3e647fdf41d67812a049b3f94a7113c97ac0aa6c,cushion
6267aeaf1c9312e3d756923ede63c52c074ce307,cushion
7441ce44ceffee74fca2c8b793501df58e726f4b,cushion
a9ced9c8b27e8b0cf197abf9564fa963078d9425,cushion
e37753403547f3fdd6290f289d2ecfa975d05417,cushion
29f5f19c75693ea64781c0cc39b788e3c70c3442,cushion
c6d2a57b75f4f798434d9f887cde208f30274db4,cushion
f7695ad4af96588f474d7effe8e03b59c42889a5,cushion
80236349c737113167c2bf039069153392929085,cushion
47f282fdaac97b859a4b75e73c7686581477fe45,cushion
e9c78bce74ccebc2c7299d799afa0950c5e4cd35,cushion
05084521811cf5a58469c3ccf0240a067ca318bb,cushion
B07JKJSJ8G,cushion
B07JLSSTN1,cushion
1f0f1b3ec0cdbd99b037a5ca6d373e4a31015130,cushion
B07MBFDQPK,cushion
1effb3112571777ec2168b4080d9ac7c6a6fe3c3,cushion
847097a2cea50249956585df5510a4c03e6ad589,cushion
b14707bf586b55c44c65eaba8da9f6ccc2773e25,cushion
4f1ca2fba51314af1ef27f27a2618eaa19529c2a,cushion
9254a7cffb42d02fb06de53b76863e200e128e68,cushion
pillow_22,cushion
3fccbec42b3a3cb497b92c358f691979a749ea18,cushion
B07M6PK8QS,cushion
d42845fcb849d16bf4f04e8d35e84a32702d1896,cushion
B07JKJP7Q9,cushion
9f4f8778f18e2b974c4aabaff4c764638970d833,cushion
1e684bcd6ffaf8ab123142e069255946f8fb5c44,cushion
6cc2aa738dbb65c20d4903f87507f396aaa1ff32,cushion
1e6b68dc8831a63460efa424102b1667aa42c660,cushion
b1b236b2de1db421b4aa8aaf016710a289d99cc0,cushion
6f075cdb9c4eaed117ee1577d4443921ad7a0e29,cushion
7a590a8f0f30182dd62af488b48e7cdbce77fd24,cushion
c1743b163655e588dfc1eb0f90192390963aa6b4,cushion
5b5ba978e6c39a1c150e60b94c9c269e286dc032,cushion
103afe7f442ec957e4332dba280f9e959dbc0135,cushion
f83e14742826646382bb8a1968bbf2a70bb74735,cushion
1fe0ad12b91fc822c6f3ae0e342edf919e176ce7,cushion
58dd717bbbfec92e8e9a2109c95c3ea5bc483f80,cushion
xxxx641b858bxbf86x48f2x8c92xfb97accf0c5a,cushion
834fba99f603d2fc2f3a54911bfaa5a2b94f710e,cushion
5d90816b989e5feb621127c12f2fff49c09aaf81,cushion
d8673ba5057fefbbfada111b70920c3e47bd5f05,cushion
c19b88319a5dd032f9617eb183159e79759c86bb,cushion
7ef0d819a193b395f60d35131c6f8a400036f045,cushion
60e00410f446ce98b18ef4dfc016813cb9e0e7ce,cushion
51b13ef4f079bf8b5c4ddb0b04ae4bcdfef07723,cushion
2849b8484bf8828dcd11afaed86f4041ed768f73,cushion
f219023b86de82c9e1e6bc946168ab9ccfe42bb2,cushion
xxxx5cfa0e5fx12eax4154x8364xb9ec35e7c46c,cushion
B07JM1QSLX,cushion
487d492a2e295dd72aad0046716f05431fef69ce,cushion
B07JL5PYZH,cushion
8241d58b0bdfb9875336369308acca26c625cad3,cushion
1164c1fad4da7dbb523901f0af2023081dc660ee,cushion
7399f8521ca7ef2a8d294e50b5a8063ad5bc02d9,cushion
7127895e8862c9e3a3065f7fe3d341473ab13b8f,cushion
B07JKJKDKM,cushion
45fd4164912ff9886db54cf0623d105c4e8518cb,cushion
B07JLSP8VB,cushion
c216a606cf8f829e40fa348550eee4bc66945ef5,cushion
1fb6e91fef300fcc6e68ba6d52c1e00ee71fbd9b,cushion
071d7e49a3865750863d8086f18b2dd650d2287a,cushion
B07JQ47NHZ,cushion
pillow_2,cushion
0dd7391dc42fbe31115b794b9ee9ce98fb99a4a4,cushion
007ac3dc7a89e1e403c1340a4fd61fdc75ca053d,cushion
4e6a40cc57049080332dbedd32e1ed28aca7d75b,cushion
133256eaeef2d1a9171d042fae0a98ae70a7c389,cushion
60694c8715acc814e456629b6a2861b840ae5ffb,cushion
12f85f3edd869f916937ff99ed5b7f5b6f82a2ca,cushion
0cbf07876393d9f9920917a5d8802f2811b4fc0c,cushion
dcd6c945759d4cee6a53f4cd00452a52d94336d2,cushion
c6e1fe068f7ce33aaf1d0b95d736be1488e3c278,cushion
B07JLZC571,cushion
038c64ffa00f7c5dbe4e62342996e78a79510c9d,cushion
d5a43db547983557d4796ef21587ff986fc38094,cushion
xxxx8fde19a1xa0bbx4e00x8173x780eab436d1c,cushion
3871178248ab55647c39e89ce75ffdf1aac3759d,cushion
B07JL5Q1Z6,cushion
70ec402f39ccead0ebaabd8ceb8627877310f18f,cushion
907396ecbf690ddb58c065191b124a1890b731d9,cushion
B07JKJSKMF,cushion
2d5f072f915783acff3a313dc57979f49a5ca5f0,cushion
d4821a551dee276c2134d915c5e7a95736c58048,cushion
B07JKJSTVJ,cushion
B07JLSP8TR,cushion
B07JKJSTL1,cushion
B07JLSP8VB,cushion
7dbdff0fbea2f8f81e12aa4910263c759a406285,cushion
B07JL5PLPD,cushion
90985e208bb85b15efb2bbab8a171e283cf95e39,cushion
B07JKJKDKD,cushion
dd73800592c4d623013ccbd7f4a18c247320579c,cushion
7df02e29f6441b2c70a28a386d50c7c231ca2498,cushion
04bf1ad9da0aaddcf0d94a3ebba8866c8a4a3e86,cushion
2c1a84f264508808de1bbe44b235936d636cd129,cushion
B07JKJSTWH,cushion
9014bad63afdf027b0fd358bdf2ab6178c0a9f8b,cushion
f365569f79dbb2461c8d7232dfc33bd988d75e77,cushion
308c9ceeadde62eaffa17bbbb6e28043bed98626,cushion
e21b96872a1480311934cf1a5b3cc021eb0db386,cushion
B07JLGC56Z,cushion
831bfc38f44f5f9a4632fe55c88eb47a646204da,cushion
b8dd488ebf1dc78c595b9462f42792ee815b04d3,cushion
B07JKJP5N5,cushion
pillow_16,cushion
44331d0bed3b7acd2ebdd6126230fead1058ffd0,cushion
2d4d37e58767d11df641a3091ab9a88b323b5316,cushion
ce3c93331de8937c264e3796f37e2603fe716a72,cushion
d643b51ebcf17bafc51085f3b015e43db0a3c013,cushion
pillow_10,cushion
15053460b8d21ffdfdcdb83428f695982aecf01e,cushion
23ef36ffd2de137954a8e41677d493ad906bf5d0,cushion
6f7a7d7fb97265c42e9153c06fcb9802555c624d,cushion
xxxx5fcc53a2xd71fx424ex8671x08cd2495a3f8,cushion
db0f0f6634045144058b3432657510f0ca905352,cushion
32bb8ad82188d4324043abd65b1594d63d64c681,cushion
pillow_13,cushion
d74f356b4fead16544e302afc480d660ab559571,cushion
B07MBFDX67,cushion
B07JLGC7Y8,cushion
dc3604c09d05617ae728b2934f3538f92ff8f4d7,cushion
xxxxb95c14b5xd0cdx4852xb563x706a0dd828fb,cushion
f2dca3e352383bc8cf85d235666558ded4543cc9,cushion
fb06fb4559ecea7881e280af95b4b92e58270ff2,cushion
c1c13a7e6edbac6d3a96b6ebc266cbe6637beca2,cushion
0a94ff593269059be09cda3efc946bd655feba61,cushion
e7457d3d95ae6b48b8c5324d2cd78ad31a89553d,cushion
b521edba01053a1c2d28d20b35d5ce535cfd0303,cushion
B07JKJSHMT,cushion
B07JLGBYXF,cushion
91b7726ce732e831cec23ac51c506fa07bc91d04,cushion
151bf0648e376a55f4f90d0f0a8c3b05fc93617e,cushion
c5bb3546ed3933172e5fac36532cc34169f2f9ab,cushion
B07JL5PRR1,cushion
B07JL5Q3RL,cushion
2dfa61ddd59039ff0a8bde4fb36d5f0a394fe9d5,cushion
B07MF1S25C,cushion
4b21df3f9ff7caca421bebfcfe58cead716d5216,cushion
B07JLSSWLL,cushion
2676ceb6a8cc3ebbc290c5bba2d83b42c7bd1f3d,cushion
69dffe76a53f59d4ac877a73f051df85833250b5,cushion
4b6411541fb130ccb88de3c68b6d5f535417dab8,cushion
c948a0fa20f053e0b721c5e2afd6de59a920cd42,cushion
xxxx3c6b4292x145ex4c1fxb155x5f28dfad3755,cushion
B07JL5PPBP,cushion
fb84c6f90ecf8dbebf623666df1251a1a581b8a1,cushion
94dd3ff30f220474f37c0f22589347cd5e4bc693,cushion
c51126c979fc4d2133d7814b1504057be44d6740,cushion
b390eeb432f47514ec154d044bede2b7fc1c946a,cushion
B07JKJKH4H,cushion
152f61d2589e4179343918ca092d04620b0f8125,cushion
02e1c4b4b32e647fc78261af94a1c4fd00bb6fb9,cushion
8c41ee07eec1c7ca5321978ce5372fc5c504c5c8,cushion
B07JL5PRR9,cushion
885d97c88e694a000e524faaa2bfcd8cc5bbfb48,cushion
8e3475560ee256b292f00b50fea28fd9248988ad,cushion
4d2f3077f61fc8985f23ed431f2863acceea5b3d,cushion
8dae8e1f930bcac0990caf62556dcd400fdd62f3,cushion
6c235c038252066ba9a5ec186b754c1fe22bb6ca,cushion
ac515d1bc69ebaa1319ab1fa9f26a94b67827fc2,cushion
e9469bffd82a040eddaa9425228856b0cd68a2b2,cushion
c72ec873acc923626e4543ee4e4db18733fd10b7,cushion
4d421b18165e18dc76859e3a2bcc0b560e387198,cushion
8f4d7e12a18fe5d026541b4bb7791855d09414c6,cushion
pillow_17,cushion
6c18238081e2d938a8f41aa0263b31a7362d501b,cushion
B07JLZJFVL,cushion
691f5a6ef6222b00e6d1954ecee5875aab7c404f,cushion
xxxx6f0dd30dx1271x426dx82b9xbca82d1d4301,cushion
0e18097696cfd8e7cf8490866a100796cdcb2544,cushion
xxxxc04b1011xea57x4366xb19dxbe5f64f54be3,cushion
116829ece1efbb664c7108af3d4cdb4a0c623821,cushion
cf1f64bd2e1e62a31f5b6d4318709afb07dd41f5,cushion
B07JL5PRQM,cushion
B07MF1SVV1,cushion
25211c31d3d9284e7ce2eb86336706a34dc1a666,cushion
43556722e2502c9faebc7080ca27476f860b83af,cushion
9f75b4ae592c14caf711574f5127e964f6bb5f8e,cushion
f7da57b5fb990420ede600ef329670fda0731955,cushion
21307d3c2b5ba580190c73a5be1fe4ee3865c7c4,cushion
656d687e8bf2ca72458694ffdb8ac29b988ec468,cushion
B07JLZC7JS,cushion
09b8d1b2d167f42e28d0fd57c480cb15c963ac1a,cushion
971a73c9e78cd071c488586a3ff254a03f9c0c43,cushion
249f41d0f25f697d3b65260f9adb6d857a877b26,cushion
6347a675843b60381872338536ebe6967035cd83,cushion
5f428b87909322cf5eccf59dbc80db6e718bc73f,cushion
B07JXDPKGC,cushion
B07JQX8S3L,cushion
95e25885545856fcd5dad5989967f44186d74df8,cushion
108153c375d65cbd132494bd7fa28f2e8e9eeb04,cushion
61a82123b097148d2b9e9857e5714a0f42c5c5b8,cushion
2c9dd4d54683d6f3f9fdf3fb206a6dbda6305d7a,cushion
403c107c098b7bfceb63b34731498ddc00035c3e,cushion
23f89e73ef025ed504015539efffdbdea664b1df,cushion
c166853333cf6802131eff5cadd0c908610c3480,cushion
57393affc84fdcd90dc93b750c4d45b704d5e205,cushion
pillow_19,cushion
e49f0397502cfd5d80e6a1b852e82f462e49e733,cushion
B07JKJSTYT,cushion
B07M6PHSCP,cushion
79d94fcf59c6d80925b2497e016b642ade6a75d3,cushion
5070abd949db3fbb016ebed4573bcc4c13ea7c5e,cushion
3c48153d77f3283a947b3374d3a168db63c8ec27,cushion
f62c25664dc172b273d07ec39163e21a0e6483e8,cushion
xxxx54dca1f3x8b82x41dbxb47dxb345a313e1b8,cushion
59632d37f79104e5ec51cecc9a2052040865c4be,cushion
1018cc14d8126c542891251e7998847f1c3db2b5,cushion
73e8cc5606feed3dd8976aa94d7e6522dc236559,cushion
0d5cd7caf41e32c7e216b86ec778a3cbbb31810f,cushion
5ed1c247301905ab5bb80ce46aff9d180177e494,cushion
f95f4509ece710aa1e43a86f9a4b6c81b4f0c069,cushion
f26e934df96635c832a21a4c12231018299ce7eb,cushion
50547f29250a7aa3a2d2e14b91f59deb95c1fa5a,cushion
a591c8e8c81793f40850c7a9957dd8347e6c3a14,cushion
329cc3e3aa4bb17a5773eeab2425f973eca6c389,cushion
751ef0f5d0c798f4dab4dcb1fda599aa6cd0dde1,cushion
B07JKJSQ4B,cushion
B07JLSP8JF,cushion
xxxx8e4fe161x8dc6x430dxb9b3xf152f944c5ab,cushion
B07JKJSRQG,cushion
b9e0f322d250046061e061e30281ab6d0e6b7d09,cushion
46810fa7e8c04a913584d2041ae605c0bf367d3f,cushion
fe381181a87b947ae5cd6540fb7a2c6232185df7,cushion
xxxx8245685dx37abx4de9x9b2dx02117c0ea051,cushion
6f9fe917ff8338d4616069a1aced44ddca4a62b0,cushion
acea4d7039744a7f453aa6b6c653f26d9762c189,cushion
62e423454431205954ab04ba1f8cf8293c986fd2,cushion
xxxx89c06feexeb4ex4182xb408x8f2f7f28b87c,cushion
B07JLSNT7M,cushion
pillow_20,cushion
f14eb4762efbe1cd7a491e01311eeeff399d5840,cushion
xxxx40a2867fx4324x4791x9c25xcaae86136560,cushion
78e656ac36645e69b5ca12a56f7e4662032f7679,cushion
B07JKJSM2S,cushion
5c7fc070c1369c3445e0d18d89f8dedba3e05e15,cushion
ea00aa972f78e64c42b3b5b72c7feec47a7caaa2,cushion
8d78b5c7c28f8e3ef3153af331d9812f675fcb64,cushion
B07JKJP8MD,cushion
662cbe0a9cf8505bb866c725dcf289d934981f5a,cushion
da1765e3a859db94c0fa917ecc93bab743b46fdc,cushion
52594d9a669c4a66cfe392e8ab4a34e0b29e30c6,cushion
c98c22aebe84fd3875bc5399daed635c9f990c9d,cushion
Soap_Bottle_20,soap_dispenser
Soap_Bottle_2,soap_dispenser
Soap_Bottle_16,soap_dispenser
Soap_Bottle_14,soap_dispenser
Soap_Bottle_10,soap_dispenser
Soap_Bottle_26,soap_dispenser
Soap_Bottle_29,soap_dispenser
Soap_Bottle_5,soap_dispenser
Soap_Bottle_1,soap_dispenser
Soap_Bottle_30,soap_dispenser
Soap_Bottle_4,soap_dispenser
Soap_Bottle_13,soap_dispenser
Soap_Bottle_27,soap_dispenser
B07FFSKHK4,soap_dispenser
Soap_Bottle_15,soap_dispenser
Soap_Bottle_7,soap_dispenser
Soap_Bottle_21,soap_dispenser
Soap_Bottle_28,soap_dispenser
Soap_Bottle_24,soap_dispenser
Soap_Bottle_22,soap_dispenser
Soap_Bottle_17,soap_dispenser
Soap_Bottle_8,soap_dispenser
Soap_Bottle_23,soap_dispenser
Soap_Bottle_19,soap_dispenser
Soap_Bottle_11,soap_dispenser
Soap_Bottle_9,soap_dispenser
Soap_Bottle_25,soap_dispenser
Soap_Bottle_12,soap_dispenser
Soap_Bottle_3,soap_dispenser
Soap_Bottle_6,soap_dispenser
Soap_Bottle_18,soap_dispenser
B075HR4ZDB,vase
B075HR7DM7,vase
B075HR7KY9,vase
B075HWMC6S,vase
B075HWX46K,vase
B075HXJPW6,vase
B075HXLWT5,vase
B075HXPFTG,vase
B078JGHZT3,vase
B078JGYJTG,vase
B078JJDPR2,vase
B078JMJC46,vase
B078JMJC49,vase
B07B8NVHX1,vase
B07B8NZQ68,vase
B07B8PXTSY,vase
B07B8VJBCL,vase
B07B8W8FBV,vase
B07HSJVP5C,vase
B07HSLG6WR,vase
B07HSMVFMP,vase
B07JLBDT51,vase
B07JM1K8VH,vase
B07JM6GHC8,vase
Vase_Decorative_1,vase
Vase_Flat_1,vase
Vase_Flat_2,vase
Vase_Flat_3,vase
Vase_Flat_4,vase
Vase_Flat_5,vase
Vase_Medium_1,vase
Vase_Medium_2,vase
Vase_Medium_3,vase
Vase_Medium_4,vase
Vase_Medium_5,vase
Vase_Open_1,vase
Vase_Open_2,vase
Vase_Open_3,vase
Vase_Tall_1,vase
Vase_Tall_2,vase
Vase_Tall_3,vase
Vase_Tall_4,vase
Vase_Tall_5,vase
51b55165bde866a2c8d74b46843d2f549135b889,vase
55cc6c146898e7fb1c2ea66ac86b04d6566ad1a5,vase
77fb3131da84c90973accb42a2ce5d594e5b4987,vase
94a5de038faeea77c286fbe0af7469d2a2f7792b,vase
d8e3ee46b61694958a24ae70fc740f9197aef41e,vase
00386b5179df69aec660a71fb9c65b344857d016,vase
01f076bf712f7a14ceed10f92a72948c05925858,vase
04f409f17d79445a3afd109c557c6a2702e15cd8,vase
0561c92e2635eaaa0ad753cabfb427cfde565ec0,vase
0875307f7666e4fce7e217849c10c29972d142a7,vase
0ae9ee903346b3fd69b34228a3340662a173b791,vase
0aebf7979e3510654f3c16418145ab973c22a381,vase
0b0df80543773a698cd4ddcf76a7c5acfc4a803d,vase
0c48040ad6f64c0103c2f1b3133e2760ed8392b7,vase
0d61b723728d6d5ac05ac53e07372bcc7ff676ce,vase
1125b9ca061f6deee5d7e8a31cbe46eee10e535d,vase
1182b246f9dc763f898cf5a47feb003f8905d289,vase
13fe6d40a8869913ca6623bc6ed25dbcffb7da0d,vase
1404f8d65e562307f0fead3fd0d408c34f0af26a,vase
14b8b72a08380f9f7f13fbb0eef83344a2c11c33,vase
14e43de7e803f8d42e974f35cef746dcb7b57ed9,vase
1520472dfd763a8cb0f1b2a447bce437827b8776,vase
15fbefb684c5f988e5ff754bbded98aa80d3542f,vase
18a2fab4d1fe71c969e654740028d422d18ad9b6,vase
1ad21d8bf5749da64c01c01848f571e38819c316,vase
1b4711c1a5a9978cc2e7c57008f3d085c355d145,vase
1bd20c0904b0a85598a32a2de70c3a2facdf8e4d,vase
1d6275b17496af0183fe2c158332a8b8d3eea5b7,vase
1e736736c9417babd8baa34f83b526eac426e842,vase
20b562393eb8b161d1bfb7b1e9c5c65d277cfe6f,vase
2252ee7e50a8ff3608007253e73d1137358d125d,vase
243bad4f4c1bdda1dddf46ac7e54c567289fd38d,vase
2470231ef2743a97f8159f356337527eef366763,vase
247538767e1fde11b53e2b41edcf5b066cf0126c,vase
25daa32e8ec122ad22c8662a137bf444fb8da745,vase
263cce6bd107ce2e9f259120e38cd27f5dac0bcc,vase
2b6a6f943bdaf73ef2018a02ceb1720ab04b5b2d,vase
2b93011397cebb7664a934bb1876f126b70313d0,vase
2bc5fe4f4fc48aec41c67e34ebe603bbb53b1d01,vase
2c66d9495affb0273810b7bacd4c87a4b0f90852,vase
2c9b708ce46c0fa262c9c97f58e4856a792dba5e,vase
2d686cdf1b2da2c4b61c629bdefdb4a5c6678168,vase
2fd36b341e66b948ec0cd87264036f7881cedb4b,vase
310fe43cec6ff66fc0f99cca8443c5cdeca818ad,vase
334e738f9a75aa50fdc33f0776b43bdea1fccdfe,vase
3448a0f2142df518fd92e165207bf1d58dd05fa0,vase
356b8426ceec3110080b71163f586c8a0f15acfb,vase
371efb7286ca8324dea0d9642b3824783a11aa73,vase
379ad1f30cbdee03b3ce2a68d11b6b855e746fb7,vase
3bd1652a8ee18e0dc0985011fef96125f46b1ac4,vase
40bf81e852fd34c4d390fa68f71d2cafcb91f2f4,vase
4551602f795cf1b62cea365613c31f56dfe3999c,vase
463db7d43c592863e0deb15b198bf5747faae86f,vase
4b67581ca492a2028ccf3064b2824dcc8d104fb0,vase
4d264b0fb9851427c3bfcc8a92f12d33b30fe5d5,vase
4d40134bdb82e6e53b72cd912f99835c486e8759,vase
4fc6a72c3c780fd8c70c0bdd23aa877b0c4f4a7b,vase
535fa87debd90c5fedc585161bf019aea7ceda68,vase
539a80debf42cd0b6b3c3d1d67d9488efa95af45,vase
56a3cb5686d12e4bad648c325ae998def645c997,vase
5c111a7314a6d708375b5fc1a0d6560d306da7b1,vase
5d21ea3e7e66c57b22608a848317d807dbde3c3a,vase
5fd9d34de9562a5891fe0657010d6c7777438db8,vase
6152354f6498a5bea31b40f720f2cbff10634608,vase
634a9acb28154794523f83c0ae981b8537ab6d07,vase
6441c18aab2884608788795c231b96924c6e5523,vase
64e73ca852efff52e03768163453a7a41e117f43,vase
6654629c2b0e6e4769e3c911947605375033bde5,vase
66d17b302cff7b3baffdccbb52f16325ff35c623,vase
67b71a4ad2610e060ea018855d108362a4d6fbae,vase
6dd9e51b58072dbd08fbbdf95ce568aacc47ec59,vase
6f9e025e59a4a4c1991bb6dc7e73ccb985d07c57,vase
71b30944a9c6ca8077d2ab8903e586a4dd2a3917,vase
736eebbb72e7ee9ef01d76ae3b0075e55f05ceb5,vase
7b497caf99a943b669087b3dd4e77be63b3dbc0a,vase
7d38434695df81af30390db76c89bcc04529b406,vase
7ec42d263b2ee8d9b0cd09651f32c2ce46982351,vase
80794dc5fde2b3276714ff40107bce7b909e45c7,vase
85a26b27d39fe3c8317df4342d0ae32203739b8e,vase
877384ee8dc4577ccc2dc5b37ee505d2d4af3d0e,vase
882802e4ffc1f87c16e16d1322c651a849f7743d,vase
8aa978beb04d130c9d587f9c2858522cbf559703,vase
8ffc1468a4c10a3badb8b36062d58f5553c02d21,vase
9150be2ad622edb189333575dd7ecf229f28c490,vase
91cb2a92d739d4d71c46a12cb744415b90b17047,vase
96dec181c78bf169dbe3bb8c0215c383ce30bd3e,vase
99de5eb0d3e87db48cc5c2c558880d7aa1ec2c2d,vase
9c09a8ddc8047cdecc332f1368332a2e62a6c784,vase
9ec28866f43e42093f181e656ef1c89923945808,vase
a043589070ad2a710483ac68aeb242f00ae1e994,vase
a17f03892b9f71801e057be9db2de908464d1fba,vase
a1a955a6d0706fa3634c9baea186632791ade20c,vase
a21f46139ac72eca15b4240cf8055b984d593af1,vase
aad0bda6fe5e168eaa4dbf1292878b18c54f249b,vase
acce2a11f70af73275e053fe644a8f608089893c,vase
adf37dc162377502fc26a64433466f01d182ebf9,vase
aea09725b176eae21cb59fa852a55174189c11ee,vase
af357e69163c47f0d376340314809ae12ee0c609,vase
af753234600031dd1619673de2827b3fb2ae5b72,vase
b0365152ce8404708c65752b9de332604bdf6063,vase
b084a1e5e80ece7227672011515ee3b5b33a01d9,vase
b4c970f1a8fa29e0934f4e8ccd1cb67ad92b0d51,vase
b5a2e303c9a5cfa54fb5b257cd82926b194e1e26,vase
b6439d60ffdbd1c1a71ba76e706dcbfc87f2c6df,vase
b728f6c0506deaea1e8231b629d1e20b0a5fa0f8,vase
b9b836b51c44ad76b7966ae565ae4910e89c2de6,vase
bbe510f23f2488ae618cd8c6601f1df4e4edacc8,vase
c27ffe33c37fb0d58bd76b949f85b4896545e0ed,vase
c3a6db9251980820f1e2ddcabebf8d21f059e0a4,vase
c3c8a9a0e1f2037d9e82d2286748cb576b1fd738,vase
c4776ee9f31d7ab3177be970e35e3f76c44e0f8c,vase
c4a76da68c72eec12f07b0f047a21a130872a0ba,vase
c8626f2d3bbeb2f1601a2af656c4610cd99e56fa,vase
c8af5b98558601d1ea284a89c3578eb39e061c00,vase
c94029096657382ebca374164eef6746d80bd99e,vase
cc5281d4600eb70647018d02c92032abf391535f,vase
d3d2da9dd341d78c1536200b130180b40971bab8,vase
d6b5822b17434f97ff007e0854cd9385dc79a150,vase
dd62a6aafabe4bcc5dc49e61a5d5c87019e1b4c3,vase
dfcbfd3a7de15b9689dc0580c38f2f0896b6647d,vase
e05af79080f048e261865dc1f9cf0a80d47deea4,vase
e60a5e30bb3384125c02cbda6b8aeaffc900b78a,vase
f161fe4fd2234d49ab5e452f7b4d869ae276330e,vase
f427ee2c7b7482af6c00918245cad73df5241a94,vase
f51fd63c6cd12ee673b94946d1450c6afc8713be,vase
fa5c8c836453388913b0017c4a2e33304373bc31,vase
fbf828b972d59baba95d1a54e1f95442d7ea0b46,vase
fc2d461dfe96f499d7c38306747b8000e111b13f,vase
fead0a77067515bd384f322f81592d868093c8ce,vase
ff10cb92d3dbd50abc4b4aac608055945bdb31e7,vase
xxxx0d0ff402xe09fx4188xb9a6xcf5d7e13475e,vase
xxxx3a4d8840x65eax4986x98f8xb64e2fba5da6,vase
xxxx3df1391bx35d8x4752xad8exde9f3cf64b31,vase
xxxx59b79f40x2b52x4d5axb58bx2c8d239b9a1e,vase
xxxx609fb6c8x44a7x4239xb341xb9880ac81843,vase
xxxx630c96dfx08d3x4691xbee6x6a40dfda78dc,vase
xxxx962ed056x74e2x4f30x98ffx26eea6a2adad,vase
xxxxaab02551x8cf4x48ecxb45fxbc8207ba0eca,vase
xxxxc5720538x33bbx460cx820cxd375445ef773,vase
xxxxccb30c58x6dc6x4d15x9e92x1583d4c2562f,vase
Nintendo_Yoshi_Action_Figure,action_figure
Dino_3,action_figure
Teenage_Mutant_Ninja_Turtles_Rahzar_Action_Figure,action_figure
Nickelodeon_Teenage_Mutant_Ninja_Turtles_Leonardo,action_figure
Dino_4,action_figure
Nickelodeon_Teenage_Mutant_Ninja_Turtles_Michelangelo,action_figure
Playmates_nickelodeon_teenage_mutant_ninja_turtles_shredder,action_figure
Playmates_Industrial_CoSplinter_Teenage_Mutant_Ninja_Turtle_Action_Figure,action_figure
Nintendo_Mario_Action_Figure,action_figure
SpiderMan_Titan_Hero_12Inch_Action_Figure_5Hnn4mtkFsP,action_figure
Dino_5,action_figure
SpiderMan_Titan_Hero_12Inch_Action_Figure_oo1qph4wwiW,action_figure
Nickelodeon_Teenage_Mutant_Ninja_Turtles_Raphael,action_figure
Android_Figure_Chrome,android_figure
Android_Figure_Orange,android_figure
Android_Figure_Panda,android_figure
Android_Lego,android_figure
3M_Antislip_Surfacing_Light_Duty_White,tape
Cole_Hardware_Antislip_Surfacing_Material_White,tape
Cole_Hardware_Antislip_Surfacing_White_2_x_60,tape
Shurtape_Gaffers_Tape_Silver_2_x_60_yd,tape
Shurtape_Tape_Purple_CP28,tape
3M_Vinyl_Tape_Green_1_x_36_yd,tape
Shurtape_30_Day_Removal_UV_Delct_15,tape
ce33c1228cfca3da78e22645019258d7a92af3a9,bottle
QAbsorb_CoQ10,bottle
e1b703e78962df6a81b81acab566c6a202b17197,bottle
Perricone_MD_Health_Weight_Management_Supplements,bottle
Theanine,bottle
Folic_Acid,bottle
03758534dd2a3a8303e742cf4fc10fedd4c48843,bottle
6321b6d56d59d1298990434517ac65e2d93f5274,bottle
xxxx55b940d1x7fecx4ea5xa0e2xb695c9547b28,bottle
QHPomegranate,bottle
Sleep_Optimizer,bottle
1eb36fba48eb1f378fcbebaf74f30e3dcc5021de,bottle
e5dc7a8a5601d4d26ece19878d8d7b6407129c63,bottle
8358e371f092d654f97dd20b5d41af5eb30d45fd,bottle
22c78acc789ce802af372af9dca938a1c08c5f16,bottle
0198c423ae08bf04bb03b16238b34407d6ab4ecf,bottle
Organic_Whey_Protein_Unflavored,bottle
2f92d709c9e94753a896c065cb62ed33765837c0,bottle
a63cb49060e3a034ebc86fea841e5e1521a85629,bottle
8c4b0396525dfedeaabd64fafcde66ae1e87863a,bottle
Bifidus_Balance_FOS,bottle
5de840e0dbacebbce6b2686706e4e5acc55c8e78,bottle
21527bf23974c98dc7bc88b44ba6b54ed32e676c,bottle
49e444157676c90fb1cfa5696f50dc1f82c9f052,bottle
867cf3a6f88aa00b97aee772c2349bff732fbac5,bottle
c1bd4ed24b1eab295513bd16896686129dff4f1a,bottle
4e58355312c1de13eb2b1b29b4dfbf0a8dbabefd,bottle
5_HTP,bottle
c82a08279ca1a84d891e9bc0928fd461c1e41cd2,bottle
d60ba70ec8b1b5faedcf3998713fb94ebb9c4bb2,bottle
PhosphOmega,bottle
2f3cdc387d8c8e6e4ec9ce174e5f3dbe090933dd,bottle
d946cb7fdeeb63eefb33fa3ee04b98d3a44bc966,bottle
NattoMax,bottle
CoQ10_wSSVoxVppVD,bottle
ec09eff22b5cba63c206b16a960ab411411d2488,bottle
xxxxe3f9a974xfd88x433bx92c8x5f4d72d43be3,bottle
Pet_Dophilus_powder,bottle
d5a5480ce6fc74aa5cb74f6b16c2dea8cb90544e,bottle
6361984802efa59ed8b1b2bafc2ca9aa91d4fe8e,bottle
AllergenFree_JarroDophilus,bottle
4b4f5834c4163706bcc3029862f8f0ec73d92684,bottle
Beta_Glucan,bottle
3a4f40e2d346ca8cebe6edf88cec493bb89737b7,bottle
Blackcurrant_Lutein,bottle
Borage_GLA240Gamma_Tocopherol,bottle
Prostate_Optimizer,bottle
9074d79340ff79a56ec2e1cdcc3aec203ace5e87,bottle
f1c99d9ad79767c09aed2f6d96e1cf87f898b9df,bottle
021a0ba1300490e2e288221a21f4387ce626d1de,bottle
Organic_Whey_Protein_Vanilla,bottle
9bffa4820132a4933b3296739b9f1437857ddb7e,bottle
Wine_Bottle_1,bottle
QAbsorb_CoQ10_53iUqjWjW3O,bottle
Quercetin_500,bottle
Olive_Kids_Dinosaur_Land_Lunch_Box,backpack
RJ_Rabbit_Easter_Basket_Blue,basket
Spritz_Easter_Basket_Plastic_Teal,basket
87ed6d0c785b3245207bb217eb3ee3fc079f8633,basket
Threshold_Performance_Bath_Sheet_Sandoval_Blue_33_x_63,bath_towel
Provence_Bath_Towel_Royal_Blue,bath_towel
Clue_Board_Game_Classic_Edition,board_game
Frozen_Olafs_In_Trouble_PopOMatic_Game_OEu83W9T8pD,board_game
FRACTION_FUN_n4h4qte23QR,board_game
Connect_4_Launchers,board_game
Nordic_Ware_Original_Bundt_Pan,bundt_pan
Cole_Hardware_Butter_Dish_Square_Red,butter_dish
Pony_C_Clamp_1440,c-clamp
Chef_Style_Round_Cake_Pan_9_inch_pan,cake_pan
Don_Franciscos_Gourmet_Coffee_Medium_Decaf_100_Colombian_12_oz_340_g,can
Nescafe_Tasters_Choice_Instant_Coffee_Decaf_House_Blend_Light_7_oz,can
Polar_Herring_Fillets_Smoked_Peppered_705_oz_total,can
OXO_Soft_Works_Can_Opener_SnapLock,can_opener
Nestle_Raisinets_Milk_Chocolate_35_oz_992_g,candy_bar
Nestle_Candy_19_oz_Butterfinger_Singles_116567,candy_bar
3024a2ac938ec92f5f6e5e62714c5dfd4a73d10c,casserole
2e220a72339bd2be92f210affc6adb599e7a297a,casserole
6ef158c281131036302a2c6d12c8a5fd5e34ad49,casserole
696d6ec35f255e7649f731fc937dde61b9fb0439,casserole
089c89c9d166731f737c77be2e9f6d7345324da8,casserole
37baf0a14c64605c3c68d56dad6e725f1f0eff47,casserole
713fd2f383ff0f09f30ce0749b8b5abda788a795,casserole
90935a479f67a46bebbdb47c3d21cebf0b0f10b6,casserole
8e2cdcd475c5b8676779bf6a24605861517818bd,casserole
e1c1bad84e5f13ad43ee5c702656ac412df0d088,casserole
214f1f476b131b11636fd17e6f8e8d8ec86e2c59,casserole
Corningware_CW_by_Corningware_3qt_Oblong_Casserole_Dish_Blue,casserole
e6eed5cd7d1357bd2e5957e8b05590643543f8c2,casserole
4af1300e811470c87b3440240ca8c61451fecf21,casserole
87924de6df55046e6099383f62efa22653c626a7,casserole
Alarm_Clock_4,clock
Alarm_Clock_6,clock
1565076fc4398d7ae449941b4dcf3cfbf1de292d,clock
Alarm_Clock_25,clock
Alarm_Clock_12,clock
c4ea785cbf5c58bd600131838c3cedb2fec57761,clock
Alarm_Clock_28,clock
Alarm_Clock_27,clock
44684c200433dc4842bf0a6317d735e98e9fb903,clock
e7840601d8b63a3391abde3a4c1f4983bd60f7ab,clock
Alarm_Clock_2,clock
Alarm_Clock_14,clock
Alarm_Clock_23,clock
Alarm_Clock_9,clock
Alarm_Clock_13,clock
Alarm_Clock_30,clock
dfc9026e1433b4f18ee76e7c6784e9406489a8c3,clock
da06e4266205dbcaaa469ae0b03e6cc49222a256,clock
Alarm_Clock_15,clock
4a421b6a19d9b439afc3b2e69488367336423ee5,clock
fabb45d488452bae3eacf96d91af57db48176ac1,clock
Alarm_Clock_21,clock
cb3626861ee7d70bd63f933029a48012f48ca92b,clock
Alarm_Clock_24,clock
ffef466940c5dbf1af90815ce2f506f68ecd25d1,clock
d1a70d769420b582d349243fabf32b18844ebf0e,clock
Alarm_Clock_5,clock
d16effe38b05286d600cd543f0e8d5a197f33e2e,clock
f03a9160a43f06d49d579eb58f6ed63740afa2e4,clock
1f3e6b134f72abf7d3914874957ba7a2857df332,clock
739934e1838a630706d354d75a73355c93e07f69,clock
e49ec0db22ed30a46206d04ac116474a049716eb,clock
Alarm_Clock_19,clock
08c6d474cc07b00fe01be5120f2ed108a0968b29,clock
Alarm_Clock_10,clock
2b2f31fee32cb0d073d69fb9bfe373684bbdd465,clock
e06c9b37dd552c672716eef31af3e2e1b58ecce2,clock
a50665eb9bf6c57860330bc8f492760001163607,clock
b2625691eadc913dbb1c8be0b17ed6104d75758d,clock
Alarm_Clock_20,clock
2667ff4f698140233c3a3ab06686f2bc973d842b,clock
Alarm_Clock_11,clock
Alarm_Clock_18,clock
c4d2556b341f612e226156792dff2eb13d752ca0,clock
2503515e4e92100f8d9c1e8fc661c4ff7ba9496a,clock
Alarm_Clock_17,clock
450399b5e12af02ee45e094a7a95580432d82f86,clock
c1a07c25aef6562d3459a2d1bfbbc4e3265b0fab,clock
Alarm_Clock_16,clock
32c235017beb57dcbcc87e87871acbf68cd189ae,clock
Crosley_Alarm_Clock_Vintage_Metal,clock
2328222911172bbc4db868cde599bfd5c5c39b21,clock
a00e967032039917564448e356da345ac5a9e8ab,clock
Alarm_Clock_22,clock
0bf0dd465bd2a3232e11377c0303eae65433aef9,clock
Alarm_Clock_26,clock
6c1af528c8424b3c09a8284f27f4dfd96c4a8a56,clock
3b21020881a85d6316b9473259c0d77514c12876,clock
Alarm_Clock_29,clock
980e44e19e56b67f0237d2976660fff6461f8a65,clock
Alarm_Clock_3,clock
Alarm_Clock_8,clock
Alarm_Clock_1,clock
d0d608870026a708eb52b2599117a5f260424d22,clock
2f544490dd555506d20f317e679b252b642a4b2d,clock
00258bed0c6e87a14e33c3eebffc48c898135698,clock
Alarm_Clock_7,clock
ad8d273db79dfd442b2bf8902da4dc0b4d60054b,clock
abc7a39eddc4d0f42b087dd8c0f815fbd95f3171,clock
676c0342a05177dfa24994339bc34d5058cb529e,clock
816e0f1c12330b98d26990c08c278d46d13111fe,clock
547c0a77b74f52c4e6c4a0a52f14f6c9c7a57b49,cup
1bc20d448937a6c0c1936b28486a110f31093947,cup
Cup_19,cup
72a1da1ecef422dbf6ba0c505c3e1cf86a11f70e,cup
Cup_2,cup
Ecoforms_Cup_B4_SAN,cup
Cup_10,cup
Cup_30,cup
e3479ce73271171bdaa163968c50500719ed4d72,cup
6e8ac33c3e309c177c8b63483dfcae81a2b0fe64,cup
8b7632a97cc5c3adf66e7eed98b59a51ef86bf26,cup
22899dfeb3cfe700149f4fbf87f6d443351cee67,cup
Cup_20,cup
Threshold_Porcelain_Coffee_Mug_All_Over_Bead_White,cup
6dd0f10b6eb11dd530c6f4229e7ea20d50333bf6,cup
4732b4385ae973f1309ad75682fc11704818afe7,cup
Cup_28,cup
94a332bec3e3408abef55d1cfff170262c8b3fdc,cup
e14277deea40140eef220e7c75c291dbaf39efbe,cup
53e7d7c13d3c89976da853ba6a606dfd3fc3f7b4,cup
6327ba4a244492ad0b3389841220c16a577e6a4d,cup
fcae3d93545969544b5aec155f56fda69f1a2f9a,cup
5742501065a46cf69165e60257b42a86f5fadf8b,cup
8e8fa96be074973692545b222867725fffb480a4,cup
d4960da019b35da664905c729de7bd9fa233ff51,cup
Cup_8,cup
Cup_15,cup
Mug_3,cup
572e2f04cf9e17424557ecc4f449e6122a9cae95,cup
6a833596dd725a0044674dbaada29368ebe7a53e,cup
9475586d9db640875150dc2a3beb7e0234d815d4,cup
c7f51a814b3319836007955e10ae1da1060465ec,cup
Cup_7,cup
Cup_6,cup
Cup_16,cup
Cup_4,cup
bd12f6fd478618cc550689cd9a050e61b1b5abe0,cup
Cup_17,cup
Mug_1,cup
b5d5f688a226b182e406b595b49fe7a53842621c,cup
c89ad9df5af596d19da02bea32f469ecb872e57d,cup
Cole_Hardware_Mug_Classic_Blue,cup
xxxx5c7e6e1fx622fx41c1x8138x6fb9d7764061,cup
c707408215afcc11910353f0ccbe67eb53cb1e49,cup
4c439ebcd2eec3923ab3e41dc64d71092b54a0ab,cup
Cup_9,cup
Cup_11,cup
666effa6a16d624cbaebdbcaca82bcb97dfe0988,cup
5d1f718ed51e63cdf4d69617f849e10ad36f9b97,cup
dc053d1212b867ffee642809e9e4ce612c7fdeb4,cup
98c9f836f480292409eba3cc56d2d7de01624bdf,cup
Cup_13,cup
6f5798f9d8c522047a6faf5672f26e684b036e33,cup
Cup_12,cup
cb1704d6c4cc1aae0e801e94c92c67a846246274,cup
3c3143392a1d13fa86796d07b8518a0963902c86,cup
c71222582b58b14c0dfc64f55bdb8a44b34f3959,cup
Cup_3,cup
ACE_Coffee_Mug_Kristen_16_oz_cup,cup
b85e6b68f338ea552d9b34da780589aa0c2ab6ad,cup
3d779b56904aafa1c8f2412e4f5e4c4460098bb0,cup
xxxx6c3b8f4ax07a5x4c9exbf89x4cce25209c87,cup
87a34af23efddf90b6267768647fbedcbf846827,cup
d09e802e1433f67df014386783a93db85eedef8e,cup
Mug_2,cup
8f219c41f9dee18f531ead442c29cb1f5615cd7d,cup
dcdb1e2d961f1a6648e45d5058fe93c2ef2f7791,cup
Cup_1,cup
9c02c6496d1e3c5cc62b01afc47de32ac9818ed0,cup
ed95f32cc00075ceed5bd4b593d2a06a444c0eec,cup
438c5d36069bba7af2248c42349e99c1a69547ff,cup
Cup_29,cup
b5061af764b94e966a35149eb419152f4a3687d1,cup
30414cd6c4eeac82960afb6163bace31f880343e,cup
7a18a3e82b9463b934c1017fce21adcbc5d0b1da,cup
1a6b779033e0f9f9936970d79af01ed7653e4321,cup
2b895802055054fdce43bb4936cc4ff1ee7597a3,cup
7bc8528050b98c9b07598139756cd475d4c7b4a0,cup
7557cdd4decb1493938bb8b18887e59b5718f658,cup
569ddd79ca925c3e50d50b9819fbab743ad0db74,cup
6c988f13a1ea7360d4958bb938e7910c547e7ed4,cup
Cup_18,cup
bb4b72c2ccb0a094041f26774be1930dd3e76855,cup
Cup_21,cup
Cup_14,cup
Cup_5,cup
3b74d1f30a48132571b6660f5735b657b2c3a886,cup
Cole_Hardware_Dishtowel_Stripe,hand_towel
Cole_Hardware_Dishtowel_Red,hand_towel
Cole_Hardware_Dishtowel_Blue,hand_towel
Envision_Home_Dish_Drying_Mat_Red_6_x_18,hand_towel
Threshold_Hand_Towel_Blue_Medallion_16_x_27,hand_towel
Tag_Dishtowel_Dobby_Stripe_Blue_18_x_26,hand_towel
Tag_Dishtowel_Green,hand_towel
Tag_Dishtowel_18_x_26,hand_towel
Tag_Dishtowel_Waffle_Gray_Checks_18_x_26,hand_towel
Tag_Dishtowel_Basket_Weave_Red_18_x_26,hand_towel
Cole_Hardware_Dishtowel_BlueWhite,hand_towel
Cole_Hardware_Dishtowel_Multicolors,hand_towel
3D_Dollhouse_Happy_Brother,doll
Shaxon_100_Molded_Category_6_RJ45RJ45_Shielded_Patch_Cord_White,electronic_cable
Poppin_File_Sorter_Pink,file_sorter
Poppin_File_Sorter_Blue,file_sorter
Cole_Hardware_Hammer_Black,hammer
Super_Mario_3D_World_Deluxe_Set,gaming_console
BlueBlack_Nintendo_3DSXL,gaming_console
BlackBlack_Nintendo_3DSXL,gaming_console
Nintendo_2DS_Crimson_Red,gaming_console
Seagate_1TB_Backup_Plus_portable_drive_Blue,hard_drive
Seagate_1TB_Backup_Plus_portable_drive_Silver,hard_drive
Seagate_1TB_Backup_Plus_portable_drive_for_Mac,hard_drive
Seagate_1TB_Wireless_Plus_mobile_device_storage,hard_drive
Seagate_Archive_HDD_8_TB_Internal_hard_drive_SATA_6Gbs_35_ST8000AS0002,hard_drive
Seagate_3TB_Central_shared_storage,hard_drive
DPC_tropical_Trends_Hat,hat
DPC_Handmade_Hat_Brown,hat
Object_REmvBDJStub,hat
Ortho_Forward_Facing_CkAW6rL25xH,helmet
Focus_8643_Lime_Squeezer_10x35x188_Enamelled_Aluminum_Light,squeezer
Paul_Frank_Dot_Lunch_Box,lunch_box
Olive_Kids_Birdie_Lunch_Box,lunch_box
Aroma_Stainless_Steel_Milk_Frother_2_Cup,milk_frother_cup
Pinwheel_Pencil_Case,pencil_case
Olive_Kids_Butterfly_Garden_Pencil_Case,pencil_case
Olive_Kids_Paisley_Pencil_Case,pencil_case
Olive_Kids_Robots_Pencil_Case,pencil_case
Big_Dot_Aqua_Pencil_Case,pencil_case
Big_Dot_Pink_Pencil_Case,pencil_case
Threshold_Porcelain_Pitcher_White,pitcher
Cole_Hardware_Electric_Pot_Assortment_55,plant_container
Cole_Hardware_Orchid_Pot_85,plant_container
Cole_Hardware_Electric_Pot_Cabana_55,plant_container
Ecoforms_Plant_Pot_GP9_SAND,plant_container
Cole_Hardware_Flower_Pot_1025,plant_container
Ecoforms_Plant_Pot_GP9AAvocado,plant_container
Central_Garden_Flower_Pot_Goo_425,plant_container
Cole_Hardware_Deep_Bowl_Good_Earth_1075,plant_container
Sapota_Threshold_4_Ceramic_Round_Planter_Red,plant_container
Ecoforms_Plant_Container_S14Turquoise,plant_saucer
Ecoforms_Plant_Container_S24NATURAL,plant_saucer
Ecoforms_Plant_Container_S24Turquoise,plant_saucer
Cole_Hardware_Plant_Saucer_Brown_125,plant_saucer
Cole_Hardware_Plant_Saucer_Glazed_9,plant_saucer
Cole_Hardware_Saucer_Electric,plant_saucer
Cole_Hardware_Saucer_Glazed_6,plant_saucer
Ecoforms_Plant_Plate_S11Turquoise,plant_saucer
Ecoforms_Plant_Saucer_S14MOCHA,plant_saucer
Ecoforms_Plant_Saucer_S14NATURAL,plant_saucer
Ecoforms_Plant_Saucer_S17MOCHA,plant_saucer
Ecoforms_Plant_Saucer_SQ1HARVEST,plant_saucer
Ecoforms_Quadra_Saucer_SQ1_Avocado,plant_saucer
Threshold_Bistro_Ceramic_Dinner_Plate_Ruby_Ring,plate
Threshold_Dinner_Plate_Square_Rim_White_Porcelain,plate
Plate_1,plate
Plate_10,plate
Plate_11,plate
Plate_12,plate
Plate_13,plate
Plate_14,plate
Plate_15,plate
Plate_16,plate
Plate_17,plate
Plate_18,plate
Plate_19,plate
Plate_2,plate
Plate_20,plate
Plate_21,plate
Plate_22,plate
Plate_23,plate
Plate_24,plate
Plate_25,plate
Plate_26,plate
Plate_27,plate
Plate_28,plate
Plate_29,plate
Plate_3,plate
Plate_30,plate
Plate_4,plate
Plate_5,plate
Plate_6,plate
Plate_7,plate
Plate_8,plate
Plate_9,plate
91bfe2681a0d397e267e93e125924c872e6a2159,plate
21551881391c2b21c2e1358effa7d6b69cbd435f,plate
32bc37b3c83ce4c3d61f8e64e62934e1cfe82f94,plate
3b519761173617ee47ca61e25681279ae9fdaba9,plate
4087db7d03a368aeb48956f358eeee58e0edd7b3,plate
41753aebe629e7e2fbc8c576ce5865056b824ff7,plate
46d69ab16b7cd068d424c383955b91e756184130,plate
5a0ac54dc91ce3d40e4351a0dcfb6b9ffa08fdc2,plate
624150e8832d1acf256bdf52050ac6226d5c6a5f,plate
761c161d57068a6f504e8fd35cad5a04663b62f1,plate
7e067cafd8b96fae4671c0032317763fd9549b80,plate
7f5e4621caaeae9e3f4fbca6fc84779fa4b9c64f,plate
878dc86bcc60dec276240e2c7551b73094903127,plate
8cd9b448815a904b8b3b5817c742620729fe4a7c,plate
b3879123202b611e2287fb8ef66089bcb13e9d69,plate
b599eb548442db2690265de15d2bf8aa549acd02,plate
bdd5e488098e1e64921b53aacfc8df260e2f898c,plate
c717fbe8f10ad354c83f9cfc7ce154ae2fcdf96c,plate
cc9929ee326793bba8cc58e9120ef2262f087ca4,plate
db5318d5db53a15c19b290628b82f08a27f5639a,plate
fed3e9529785079e938d85b35e53c34735cc05c0,plate
45oz_RAMEKIN_ASST_DEEP_COLORS,ramekin
BIA_Porcelain_Ramekin_With_Glazed_Rim_35_45_oz_cup,ramekin
Diamond_Visions_Scissors_Red,scissors
Craftsman_Grip_Screwdriver_Phillips_Cushion,screwdriver
ASICS_GEL1140V_WhiteRoyalSilver,shoe
ASICS_GELTour_Lyte_WhiteOrchidSilver,shoe
TZX_Runner,shoe
PureCadence_2_Color_TleBluLmePnchSlvMoodIndgWh_Size_50_EEzAfcBfHHO,shoe
Chelsea_BlkHeelPMP_DwxLtZNxLZZ,shoe
ASICS_GELBlur33_20_GS_BlackWhiteSafety_Orange,shoe
FYW_DIVISION,shoe
PureCadence_2_Color_HiRskRedNghtlfeSlvrBlckWht_Size_70,shoe
Santa_Cruz_Mens_umxTczr1Ygg,shoe
D_ROSE_ENGLEWOOD_II,shoe
Azure_Snake_Tieks_Leather_Snake_Print_Ballet_Flats,shoe
PureConnect_2_Color_AnthrcteKnckoutPnkGrnGecko_Size_50,shoe
Santa_Cruz_Mens_G7kQXK7cIky,shoe
ASICS_GEL1140V_WhiteBlackSilver,shoe
ASICS_GELResolution_5_Flash_YellowBlackSilver,shoe
Copperhead_Snake_Tieks_Brown_Snake_Print_Ballet_Flats,shoe
Crazy_Shadow_2_oW4Jd10HFFr,shoe
PHEEHAN_RUN,shoe
Colton_Wntr_Chukka_y4jO0I8JQFW,shoe
Cascadia_8_Color_AquariusHibscsBearingSeaBlk_Size_50,shoe
TERREX_FAST_X_GTX,shoe
Starstruck_Tieks_Glittery_Gold_Italian_Leather_Ballet_Flats,shoe
Crazy_8,shoe
Sperry_TopSider_tNB9t6YBUf3,shoe
F10_TRX_FG_ssscuo9tGxb,shoe
Adrenaline_GTS_13_Color_WhtObsdianBlckOlmpcSlvr_Size_70,shoe
Chelsea_lo_fl_rdheel_zAQrnhlEfw8,shoe
F5_TRX_FG,shoe
Sienna_Brown_Croc_Tieks_Patent_Leather_Crocodile_Print_Ballet_Flats,shoe
PureConnect_2_Color_FernNightlifeSilverBlack_Size_70_5w0BYsiogeV,shoe
ENFR_MID_ENFORCER,shoe
Predator_LZ_TRX_FG,shoe
11pro_SL_TRX_FG,shoe
AMBERLIGHT_UP_W,shoe
TROCHILUS_BOOST,shoe
Adrenaline_GTS_13_Color_DrkDenimWhtBachlorBttnSlvr_Size_50_yfK40TNjq0V,shoe
Cream_Tieks_Italian_Leather_Ballet_Flats,shoe
Ravenna_4_Color_WhtOlyBluBlkShkOrngSlvRdO_Size_70,shoe
D_ROSE_45,shoe
TERREX_FAST_R,shoe
ASICS_GELChallenger_9_Royal_BlueWhiteBlack,shoe
TOP_TEN_HI_60KlbRbdoJA,shoe
PureConnect_2_Color_BlckBrllntBluNghtlfeAnthrct_Size_70,shoe
ClimaCool_Aerate_2_W_Wide,shoe
ASICS_HyperRocketgirl_SP_5_WhiteMalibu_BlueBlack,shoe
ASICS_GELLinksmaster_WhiteRasberryGunmetal,shoe
REEF_BANTU,shoe
California_Navy_Tieks_Italian_Leather_Ballet_Flats,shoe
ASICS_GELDirt_Dog_4_SunFlameBlack,shoe
Santa_Cruz_Mens_vnbiTDDt5xH,shoe
Sperry_TopSider_pSUFPWQXPp3,shoe
ASICS_GELLinksmaster_WhiteCoffeeSand,shoe
TOP_TEN_HI,shoe
F10_TRX_TF_rH7tmKCdUJq,shoe
CLIMACOOL_BOAT_BREEZE_IE6CyqSaDwN,shoe
ASICS_GELBlur33_20_GS_Flash_YellowHot_PunchSilver,shoe
D_ROSE_773_II_hvInJwJ5HUD,shoe
D_ROSE_773_II_Kqclsph05pE,shoe
Crazy_Shadow_2,shoe
REEF_BRAIDED_CUSHION,shoe
ASICS_GELLinksmaster_WhiteSilverCarolina_Blue,shoe
ASICS_GELAce_Pro_Pearl_WhitePink,shoe
REEF_ZENFUN,shoe
FYW_ALTERNATION,shoe
Santa_Cruz_Mens_YmsMDkFf11Z,shoe
Court_Attitude,shoe
PureFlow_2_Color_RylPurHibiscusBlkSlvrWht_Size_50,shoe
Chefmate_8_Frypan,pan
Pan_26,pan
Pan_20,pan
0e607f6c2832197973ab6fe479fd92e536f1edf7,pan
Pan_12,pan
956838c23fc7f521eefe09235d59b9fbbec7c0b1,pan
ef65c930c62e036c22ecbdfd26e4c9e5f052c8f9,pan
Pan_23,pan
214a993418b4aee37d1b3797e2b6ed2bd2fd73bc,pan
Pan_28,pan
Pan_9,pan
Pan_25,pan
Pan_27,pan
Pan_10,pan
Pan_24,pan
Pan_7,pan
Pan_21,pan
Pan_6,pan
Pan_8,pan
Pan_14,pan
7242d1d75427afd2da95c250342b676f2a4ed851,pan
Pan_18,pan
Pan_29,pan
Pan_1,pan
Pan_5,pan
Pan_19,pan
Pan_16,pan
Pan_17,pan
Pan_13,pan
Pan_15,pan
Pan_2,pan
Pan_3,pan
Pan_4,pan
c8e109051b6ed7b877d8b7dbfbbf2b2c536490ed,pan
Pan_11,pan
Pan_30,pan
Pan_22,pan
b0a324b59d4e885ac850353b422bb78ad404a14e,pan
Threshold_Bamboo_Ceramic_Soap_Dish,soap_dish
Spatula_1,spatula
OXO_Cookie_Spatula,spatula
Big_O_Sponges_Assorted_Cellulose_12_pack,sponge
Dish_Sponge_1,sponge
7c36beb8e017c9b8c66291ad9c5be9f7270281b4,stuffed_toy
f172324eef47eb930d2d10f6ddce5852d6e44941,stuffed_toy
bbab821a01804c11220bb499da6aec0142a3e253,stuffed_toy
a3fce687e16c92cce0a801e92c7705a20ac74525,stuffed_toy
1a3ab8e3d8569a2a2e2b6f8510af417848b71c6a,stuffed_toy
f8b01d51b06fcba41cd2a7fa3f3f3a358df0b6a5,stuffed_toy
Ortho_Forward_Facing,stuffed_toy
1c1f8cb950c338c7685124f7cfba716c242435c4,stuffed_toy
567ba453e60735e7667f25ea6d09377be18bda66,stuffed_toy
5998b2343f9bd0da7fd75c77cca93bc84d735fbc,stuffed_toy
5149957d46a31be888657d1b041130d8dc7ed905,stuffed_toy
Ortho_Forward_Facing_QCaor9ImJ2G,stuffed_toy
Shark,stuffed_toy
b3e8be210978ec373be6eb5fcffec36c6a9712e6,stuffed_toy
d5cbf59bbda4034360222434bd46e2e7b9d448c9,stuffed_toy
Ortho_Forward_Facing_3Q6J2oKJD92,stuffed_toy
Squirrel,stuffed_toy
Racoon,stuffed_toy
Sootheze_Toasty_Orca,stuffed_toy
Animal_Planet_Foam_2Headed_Dragon,stuffed_toy
963d58e321de1039c6404fd25b9fe470b7217979,stuffed_toy
70bf9f997babb17d77bafb5cc9cfc30e32a02403,stuffed_toy
Elephant,stuffed_toy
42df49592ce3c646bf92368203f520035f62a28f,stuffed_toy
a8e2f442d0f6e5d86d27aa23aac71392f332addf,stuffed_toy
b4ba58ab622b84b76b98a8d4f907116425d68f3b,stuffed_toy
cccc049db3ef5417dc934e267c4fbe40d6eb3691,stuffed_toy
74f64d7acc653e121e48e7f98dfdeba8b7f26067,stuffed_toy
b469cdabd74ce7e2a4cfb787504e17a8e71f172d,stuffed_toy
Sootheze_Cold_Therapy_Elephant,stuffed_toy
af58f8524168dbb36acdfd66ef3d4f4c9d0906c0,stuffed_toy
8e800737f35b9af45ec9f3d8eb215ce7f7969e80,stuffed_toy
a33b4d0b2cf35e7f24e07b0a1dc3b8a2b52593fa,stuffed_toy
Sushi_Mat,sushi_mat
FIRE_ENGINE,toy_fire_truck
FIRE_TRUCK,toy_fire_truck
Fisher_price_Classic_Toys_Buzzy_Bee,toy_bee
Fruity_Friends,toy_fruits
PINEAPPLE_MARACA_6_PCSSET,toy_pineapple
Air_Hogs_Wind_Flyers_Set_Airplane_Red,toy_airplane
TURBOPROP_AIRPLANE_WITH_PILOT,toy_airplane
Schleich_Lion_Action_Figure,toy_animal
Schleich_African_Black_Rhino,toy_animal
Schleich_Allosaurus,toy_animal
DANCING_ALLIGATOR,toy_animal
Schleich_S_Bayala_Unicorn_70432,toy_animal
Breyer_Horse_Of_The_Year_2015,toy_animal
Schleich_Hereford_Bull,toy_animal
DANCING_ALLIGATOR_zoWBjc0jbTs,toy_animal
Schleich_Bald_Eagle,toy_animal
BUNNY_RACER,toy_animal
Schleich_Spinosaurus_Action_Figure,toy_animal
CHICKEN_RACER,toy_animal
Schleich_Therizinosaurus_ln9cruulPqc,toy_animal
BALANCING_CACTUS,toy_cactus
CREATIVE_BLOCKS_35_MM,toy_construction_set
Squirt_Strain_Fruit_Basket,toy_food
3D_Dollhouse_Swing,toy_swing
Thomas_Friends_Woodan_Railway_Henry,toy_vehicle
Thomas_Friends_Wooden_Railway_Deluxe_Track_Accessory_Pack,toy_vehicle
BABY_CAR,toy_vehicle
Thomas_Friends_Wooden_Railway_Talking_Thomas_z7yi7UFHJRj,toy_vehicle
COAST_GUARD_BOAT,toy_vehicle
Thomas_Friends_Wooden_Railway_Porter_5JzRhMm3a9o,toy_vehicle
Sonny_School_Bus,toy_vehicle
CAR_CARRIER_TRAIN,toy_vehicle
Apple_26,apple
Apple_3,apple
Apple_24,apple
Apple_30,apple
Apple_4,apple
Apple_18,apple
Apple_12,apple
Apple_9,apple
Apple_23,apple
Apple_10,apple
Apple_21,apple
Apple_29,apple
Apple_19,apple
Apple_11,apple
Apple_7,apple
Apple_20,apple
Apple_27,apple
Apple_8,apple
Apple_28,apple
Apple_14,apple
Apple_6,apple
Apple_25,apple
Apple_22,apple
Apple_13,apple
Apple_2,apple
Apple_17,apple
Apple_15,apple
Apple_5,apple
Apple_1,apple
Apple_16,apple
BaseballBat_1,baseballbat
BaseballBat_3,baseballbat
BaseballBat_2,baseballbat
BaseballBat_4,baseballbat
Basketball_1,basketball
Bread_16,bread
Bread_11,bread
Bread_18,bread
Bread_15,bread
Bread_5,bread
Bread_8,bread
Bread_26,bread
Bread_12,bread
Bread_25,bread
Bread_28,bread
Bread_21,bread
Bread_19,bread
Bread_9,bread
Bread_29,bread
Bread_4,bread
Bread_22,bread
Bread_1,bread
Bread_7,bread
Bread_13,bread
Bread_10,bread
Bread_23,bread
Bread_20,bread
Bread_3,bread
Bread_27,bread
Bread_30,bread
Bread_24,bread
Bread_14,bread
Bread_6,bread
Bread_17,bread
Bread_2,bread
Knife_7,knife
ButterKnife_1,knife
Knife_4,knife
Knife_5,knife
Knife_2,knife
Knife_1,knife
Knife_6,knife
Knife_3,knife
Candle_1,candle
edb1c6cfdba7c7a7f48e18db9194eb9efe0356a6,candle
Candle_5,candle
Candle_2,candle
8afd350c5cc0029c3604c697947d1e1399403955,candle
xxxx3713898ex0dd8x429fx84c4x1b6f912a2eba,candle
42b700c2f764ffffd3bba8d4851c12ef064c86d1,candle
b30e6297b98aba4d59324fc88a4f2e74a863261e,candle
Candle_6,candle
7696a432ae056712d7c12321200c49ff89b5ce32,candle
36f46c7b967c8101325848bcf43db07589ae2cc1,candle
dfae7906d8b3395a7645056b7ab9aff1986f96df,candle
9c762323bc8e1c45b31ee978e21749a1cb218446,candle
xxxx575beb73xadbex4b2axbc06x2273ca72ce73,candle
Candle_3,candle
ea21d1fc5ed78e1a0c2ec72acdecbf7ca7983ffe,candle
95c68d8838c86a3f597fac1a72dcad7951f044fe,candle
9dfbc1df2349093e0444dfabb8789296c83561cf,candle
e1cd921c107257339074126be08f0f7e88319c33,candle
Candle_4,candle
b012e7b6b46475fdee5e0d64dfbb5b359e1c7e5b,candle
Cellphone_5,cellphone
Cellphone_2,cellphone
Cellphone_6,cellphone
Cellphone_7,cellphone
Cellphone_3,cellphone
Cellphone_8,cellphone
Cellphone_4,cellphone
Cellphone_1,cellphone
CreditCard_3,credit_card
CreditCard_1,credit_card
CreditCard_2,credit_card
CreditCard_4,credit_card
b808e79f1fd6afd447a261a1582225a3a4aecb0b,glass
e287e12ce31d87baa7b6faadf574ebd5aae505f0,glass
11abcecb63a82d14a55fc5c31c7aaa0095e65959,glass
038920896508242bee4ea865b8ece6c201e4d858,glass
f0fcdbcf659234717b03b5ff7fd76c1bbd7302ad,glass
cd31b4fdd82a4e828ef8d81df613750a7891b2c6,glass
bba3a6aa50ca40c96680cd4873571b5077e05e85,glass
f737d0e07f2927d7b4f43abb3a7267adfa5e3cf9,glass
47a2abe797aaaf6798271125727058b33860f456,glass
Cup_23,glass
1ca7e1561d6e217a554a69cee35d79f54210efbd,glass
deae6afb3e14ad1c829bb9f89d3eae8a34272c42,glass
705123a0be38cef21403a7f373db0c73b1d49ab6,glass
9e9c524a5a0e48b10ac64db3205ba7e282b3890d,glass
Cup_25,glass
e99a85fea330ded959c456ac63824608c55c4a2b,glass
5c574ca2d0488f3c0d093b2ed98f14b4621ddf52,glass
c5cfee504a6981913ed99661a89fc226f2b8bfc2,glass
36901b91ca69637a346f6960fb759e2ee3137a63,glass
57206ff682d16e45f0abb873010eef8b1b73d4f7,glass
fd4b49e473ea5f9b0b4956c606d6079d21038065,glass
7f4208d306cfb2f43162195c46f59058525d9933,glass
b8e358f78ada8bc52942ae23f7dbfbb40c754f74,glass
8095a303ede64878ee48b9033c98fbc373a52a42,glass
180b7d1568055fbd98a2beea6e4ebf87cc3cc13a,glass
xxxx6c766532xa291x4bd4xa75fx2ef35a0e008d,glass
6d8cb689ff72a3541b44a4f06522d9af8a2fc849,glass
9428caf70c42e50bb3c3c604eba00c43b8efb58f,glass
0bb625a34e05d6cde6fe76da7535bc5bdc645187,glass
713f7728ff51839ceb2fe0e3a42afd5abc78a21f,glass
ce8c564ea9c0c35b4471f30d0a05a1e42b2c2e4b,glass
80b1ffbe7ec9e1a52084d11a4ed6881f0a6c45bb,glass
f04d80ce2525f028590578c9c04f7626ca3f4d94,glass
557a40dc33710de63f7694b1b61bfeed6e8169c8,glass
xxxxf16549ddx025ax48bdxa70dx755da3ec8608,glass
d0013d74e62fab22d3ebf6788dc6d7aacb13a6ae,glass
451db10082188928fc1dd679bfc60002cd15d215,glass
Cup_24,glass
f16d84784094d5618b4147424339d2ede8b22163,glass
f9ce9e87b840524cfd4404f4a0cfc52d88f2c794,glass
5abb2927ea06f2e203f8a6a6b6ae686951c2b8ba,glass
342e1b341104c33d7043365732480ff3a895c86e,glass
Cup_26,glass
ea1077f65aea8ec9e385ff8ef1a385e01a20a77b,glass
xxxx04ce6371xf141x45dcx8d79xf7c193d2a1b6,glass
1d8c68e142a88354b3f2122f55b0d0531a692822,glass
5eeb81b42abaf26678aca7a68b9c3837521de5c9,glass
952ee2c654a116614574c4407d8182a3d2af656a,glass
a4654ee5e9322c13bf2c85cb8e2c988c7c4365db,glass
7fad97a0f7c563828f974d210b9e02ccd5a7dfda,glass
6a16a8ab35222e408cc16e76ceb32d2b6daf3bd9,glass
afc1f45e551314e36262c8c9caa341fec805e22f,glass
5987a90f46b36e79028cc46a90fa39bc0b9cb2a3,glass
xxxx82261fccxf2d8x4aacxbf4axb3a0a222dbad,glass
cb99e067e7b29c10b0dd4af17b50969a94e1796c,glass
991bae3b8af2a9a110e32138d6a63ae1f038c0bc,glass
Cup_27,glass
ae6a4b5afdecc959fdfc8abd4c20a5eef6754629,glass
Cup_22,glass
b09008488fdb3dc94b0be198e64f8577a32af1c6,glass
036edf04844210dae3f5afc59165ad4955b3510b,glass
a9233f1d4e03c3ab2918452f15c9ed6c389be24a,glass
e4eb86a4385b01025a8bd7256ee3049224262fde,glass
08c7b32154bd2be6ca30acd3f36eef83f14093f6,glass
0a75f4c9f12d95998f1e5ceb5399e918ea798233,glass
2056e0db6d0d28703bb100d63a2d864ffe295b10,glass
7e9324504cfeeb3f274b1fa923bc0c8d7c6fcdff,glass
3ce41cf0b912a259a5b352d5bf1141ee102640d9,glass
Fertility_Statue_3,statue
Stone_Statue_3,statue
Hand_Statue_3,statue
Towel_Statue_Master,statue
Waving_Statue_1,statue
Fertility_Statue_1,statue
Waving_Statue_3,statue
Towel_Statue_2,statue
Towel_Statue_3,statue
Stone_Statue_2,statue
Dog_Statue_4,statue
Dog_Statue_1,statue
Hand_Statue_2,statue
Fertility_Statue_2,statue
Dog_Statue_3,statue
Stone_Statue_4,statue
Dog_Statue_2,statue
Dog_Statue_Master,statue
Hand_Statue_Master,statue
Towel_Statue_1,statue
Waving_Statue_2,statue
Stone_Statue_Master,statue
Hand_Statue_1,statue
Fertility_Statue_Master,statue
Stone_Statue_1,statue
Waving_Statue_Master,statue
Egg_7,egg
Egg_6,egg
Egg_3,egg
Egg_26,egg
Egg_30,egg
Egg_20,egg
Egg_13,egg
Egg_4,egg
Egg_29,egg
Egg_9,egg
Egg_24,egg
Egg_15,egg
Egg_12,egg
Egg_16,egg
Egg_19,egg
Egg_21,egg
Egg_17,egg
Egg_8,egg
Egg_1,egg
Egg_23,egg
Egg_5,egg
Egg_25,egg
Egg_11,egg
Egg_10,egg
Egg_2,egg
Egg_22,egg
Egg_18,egg
Egg_28,egg
Egg_14,egg
Egg_27,egg
Fork_1,fork
Kettle_1,kettle
6e35f1ab01230ea2687cade5e71e4a3abf07262e,kettle
6982c7794384aecaa6134b600d473e98d812b8be,kettle
6d3e6501fd91b94bedb34344757d43b8c5f8facf,kettle
e41fb9d079791e99e3ff9e216c5e4416a9a83570,kettle
5a2d4315640f464391c6a256818c3c11fdd8f4f6,kettle
Keychain_2,keychain
Keychain_1,keychain
Keychain_3,keychain
Ladle_3,ladle
Ladle_2,ladle
Ladle_1,ladle
Laptop_2,laptop
Laptop_24,laptop
Laptop_3,laptop
Laptop_29,laptop
Laptop_16,laptop
Laptop_12,laptop
Laptop_20,laptop
Laptop_27,laptop
Laptop_23,laptop
Laptop_28,laptop
Laptop_22,laptop
Laptop_11,laptop
Laptop_1,laptop
Laptop_4,laptop
Laptop_25,laptop
Laptop_6,laptop
Laptop_21,laptop
Laptop_26,laptop
Laptop_10,laptop
Laptop_13,laptop
Laptop_15,laptop
Laptop_17,laptop
Laptop_19,laptop
Laptop_5,laptop
Laptop_18,laptop
Laptop_14,laptop
Laptop_8,laptop
Laptop_7,laptop
Laptop_30,laptop
Laptop_9,laptop
Pen_4,pen
Pen_3,pen
Pen_2,pen
Pen_1,pen
Potato_19,potato
Potato_24,potato
Potato_20,potato
Potato_30,potato
Potato_8,potato
Potato_25,potato
Potato_28,potato
Potato_7,potato
Potato_16,potato
Potato_3,potato
Potato_22,potato
Potato_17,potato
Potato_13,potato
Potato_11,potato
Potato_9,potato
Potato_29,potato
Potato_12,potato
Potato_14,potato
Potato_1,potato
Potato_18,potato
Potato_10,potato
Potato_26,potato
Potato_5,potato
Potato_6,potato
Potato_4,potato
Potato_23,potato
Potato_21,potato
Potato_27,potato
Potato_15,potato
Potato_2,potato
Spoon_1,spoon
Spray_Bottle_1,spray_bottle
Spray_Bottle_7,spray_bottle
Spray_Bottle_3,spray_bottle
Spray_Bottle_8,spray_bottle
Spray_Bottle_5,spray_bottle
Spray_Bottle_2,spray_bottle
Spray_Bottle_6,spray_bottle
Spray_Bottle_4,spray_bottle
Tennis_Racquet_3,tennis_racquet
Tennis_Racquet_2,tennis_racquet
Tennis_Racquet_5,tennis_racquet
Tennis_Racquet_4,tennis_racquet
Tennis_Racquet_1,tennis_racquet
Tissue_Box_1,tissue_box
Tomato_27,tomato
Tomato_6,tomato
Tomato_16,tomato
Tomato_20,tomato
Tomato_10,tomato
Tomato_11,tomato
Tomato_29,tomato
Tomato_12,tomato
Tomato_4,tomato
Tomato_26,tomato
Tomato_2,tomato
Tomato_5,tomato
Tomato_18,tomato
Tomato_25,tomato
Tomato_30,tomato
Tomato_17,tomato
Tomato_1,tomato
Tomato_24,tomato
Tomato_22,tomato
Tomato_19,tomato
Tomato_23,tomato
Tomato_7,tomato
Tomato_28,tomato
Tomato_3,tomato
Tomato_15,tomato
Tomato_14,tomato
Tomato_13,tomato
Tomato_8,tomato
Tomato_21,tomato
Tomato_9,tomato
Watch_1,watch
Watch_2,watch
264b8bf954ce7d7d2f0c135151bcb6bf6b11acb4,jug
2b429c575b4de6837a9d3ce5472ceb8a918fdbd2,jug
320f797f7f3936b01c7fb659ddd56c63cc52f85f,jug
794f4ad86d136c76bfe3082ffedc4133e876ac9a,jug
e70ea42b5270583ea34fe50123b841d79a380e19,jug
79590e37b261153df0b50a05e90edf40bc4f13c0,jug
aaf1ba3e91ae781751ab5eba22ec2bbd30e05365,jug
aee86f6cb8551b9601a11062038936fdb927860d,jug
2f8ce20db01f6f9cff0d3170271f45ef139276ed,jug
ad87281ca93b236560306a08f0953ba340e85c3c,jug
260b77a7bb7899bbe4665886be2af5e303a6e4f1,jug
67428f64fcb9f822080d8d77c4991cc5c075f15d,jug
381a128d056d4db0e70276aa918065ca42f89e8f,jug
7ca70aff4fdd657af5f96c12e3af68e0ce21b83c,tray
45ef260cbb5f19848878081e98db6af0fa1b155c,tray
d484ce7925cb15f669f0ad3215e4c614cc0ecccd,tray
7089364ca91b4807b7a586b5ac21469fd2a532ea,tray
bd1807eaa96b204d8f0aeb18a9cbc8caa9dbc137,tray
5fdbf4be188692d133ea1f516bc391599d4959b5,tray
772b40cd81cc68e48baed6f2cfb08f704591e515,tray
4cc64d92790d590a2e44d09d5ef9dbb366f265a2,tray
268356d4dc32f85461c8a475736c94d6239fa523,tray
c139234bf8464898e67b064e1726440a3e84b0b6,tray
db00e9a4f735191f39d6e884b840775549367ce8,tray
9d1a125a6188c7009effc529afd62b15bc84ee0a,tray
0f97a7a44f35bbecfdc8eaca31ddc7342c3b0be0,tray
8312990d94806a278f96710e662f98a9791fb892,tray
6e626cd638483fdd95008ff671718119299dc0b2,tray
6169840e73fb82fbbbfe8c050e0bb5ae916876a3,tray
cb84dcea9f11b0699855eed316a11f1cae277490,tray
84f9c27d36b878fb19042c0c9d4c3fa072689d7e,tray
xxxx1ae0e97exf786x4862x8c5ex80b5044f44c0,tray
b77055fb68783c24bec2c9abf5f839e88b26e8ff,tray
bc852f5714f9721918177bfa794bb1aabcc9c699,tray
2fdd58d5bfd0f569ce072266cf1fccc55ea21150,tray
da29f67f9ed90652128b715ef29b0d1636da5d6a,tray
5354c1790fcf9fc23c5bae280e0cea6c3a0f326b,tray
050514a8a7fea2363cd924b7085dfc4207e6cbfd,tray
31f4052e890beb8bebedcaac4ee02b625f0d1859,tray
df6b8690a51f7979a5f533e31ffb69ad4fe41923,tray
ef4f8b0de2a7d05d42dac602baf0b2dc93f81bd9,tray
3017f3e89e8d40f76e1ef5d10a6c9787ba63e743,tray
c0603b828055afbdd18960844443db8da9386a7f,tray
6665a096a32c7930d07f1a99a8eed3dedfcf4806,tray
6ae73ab23877502a999510dd1c19c625cfa230a9,tray
f34f5c491dd0dab687e6090f674c3c4cdec1f888,tray
13619669d6d62bdab8d04a4b61c2083af5e61819,tray
2e0db28b9c46cb6952229edcb996bccef7503931,tray
5e94fcf4ab486de2335ad1a56491c81e9de58e6e,tray
b9eeb2332833946d5678b0c4a8d9209c6add31a6,electric_kettle
20dbe8187f7e98eeb7e369e31c6879148f46fb50,electric_kettle
551cfe57a753326c99503bc098e8cce80f80410c,electric_kettle
577ab6846773c22e68a1ead745bba0ac6e60d8b2,electric_kettle
b2b0e3b797bb3175caef3c32f61796aeab414201,electric_kettle
689686140b7ab8fd656ce588f10f8c40568da3bf,electric_kettle
xxxx8568f6a7xb370x4773x8e7dxc78e3edacdc0,picture_frame
9bc5df943ee50b4e1aa3a2c3493d59e9d1a82d28,picture_frame
0369f773266cd0aadce9e6ccdaf6d3f321ddab3e,picture_frame
83f4e46c232371f134fd0159b06e658c6641fc7d,picture_frame
6c1881c745e6f79398ffe8df2df845dd821210f4,picture_frame
4703ad3f7c43eb385dadfe6fbdd02a2c163ada93,picture_frame
xxxxd7b51f21x5eabx4ba0xa5c4xc71d874e6e9b,picture_frame
6ea1f9bd1fe5ae7cfcb44d3d3b7f0799464db426,picture_frame
b8dec2c0a5f261f0d1828cad68a605e54d635c50,picture_frame
8a426c6129449e93c784fc0c57b48fc31c765cbb,picture_frame
90703c2fcd04fd85a9bbcf916cf8949716df35c5,picture_frame
a9a76fab18205fcfe2daf953f3fec031af2cbf0a,picture_frame
029c59012cbc787082f4b8725695730327daf981,picture_frame
0bd6d843c2deeedeee39e4a37d785eedbc3f4b57,picture_frame
53ac98581095be4ca935e19ec16a3e445ded7c6e,picture_frame
d1f85a83cd9d47209bad6f29f8c567afa0f19478,picture_frame
64de4deefa01ccc241d8551b6dccd65d4eaa1cc4,picture_frame
b7cb814bf208d769ae2e1143b630ed80288c9e38,picture_frame
d494fa9ee269f2a557a274d9156ec60795051b80,picture_frame
6955369a923016cfd0f7652c39cf9d57393227d2,picture_frame
2d340e937b4159a096702a978796280197966ead,picture_frame
844510f08ce0cfae1b8e6079c03896aa649cbcc7,picture_frame
b0e9b703ff916647e932671971535efbfddc1bee,picture_frame
d5a65235abfa2c1307eb1ba6ee12cc6a5b34208e,picture_frame
b10cf89f96b42242113af28de2f6bc2ce7492a10,picture_frame
4146a7675ab6add71194b562205c185e81cdb9c9,picture_frame
4910a3122ae318e3e7211123a996d5c85f4c43d3,picture_frame
faa3c5c9cb8d500bc1b11cc2baeb3f49bef68b4a,picture_frame
8859dead706a83af80c93778223a41deeb2bc2d6,picture_frame
fd4eab6ad6b9085a2cab8f918366c957c0f75c51,picture_frame
3bf74df814a94dd52f776f589760f85ff0ac9682,picture_frame
ba29460814ad1bd7bcc3543fa28c73ae96267ac9,picture_frame
eb75e6007ed56a7dafc699f170ce01463177d67b,picture_frame
b5c374fb79fcba53183287a9350abd61d6bcacbc,picture_frame
7700307a49829ada0515f667b847562a79c9a2fd,picture_frame
cd2f6a34f4c65388245ea2d66964edd3519f000e,picture_frame
a2864c57f9ac3e98bfdc0bc4f0b37c3560330f2e,picture_frame
b8432a9781e64709d163a875a14fe3f1350540cf,picture_frame
a25bd54073d8c44c5f6a9009ed167888848b5014,picture_frame
fe6c8a9d716dc203ebe5e7d439217dc03ff5a3c1,picture_frame
4713608e8ae23b27fee0a05db95eafc35566e824,picture_frame
5fe15ef90630a9f6f53042e18f4f9c9d54f0cb87,picture_frame
7f7ff035afca3430dddd75936e75073404e883fd,picture_frame
8ccf94189d5c50b5f985f014155647ebcc71c3a0,picture_frame
af168ce1c4e779ff70e86e4b06caf8ab34d795cd,picture_frame
e64c9947229ecf6b7c49986729f3020409233c71,picture_frame
c29dc1d7b6cb991b553d8c9ef5c0c1a4b71d20c8,picture_frame
4ffabf35be7d46b75cf937bb340837d361025c1b,picture_frame
e5f4446829ce3de2cfab2a44394378ab6ce69851,picture_frame
b77c4ef36bc4add9267447571929f16fd80926ed,picture_frame
ae1ede393b5fac3b22489f612d3927dbdf066ba1,picture_frame
3ac675209efcc9de8a399f139bab28f84c30a5d5,picture_frame
26540236af4e6e21bb4f29da7fbaeb9d6897bf75,picture_frame
d23846c841ccdff4c2e16e9515e1a3f89ab0ee83,picture_frame
ca9c712d6923ab579cd69766af2559877ada03d6,picture_frame
7797d87c9e3e8a8273548d598bcb7fc023b2063e,picture_frame
0b9c27848a2ee27eac95824d920f09e3cf08adf0,picture_frame
f0d044e427713818c8a0d9ee84f33e0266007fd1,picture_frame
95ad29cccf624874e83a01342483e0198569c20e,picture_frame
026aed52ad8a3e60e5432fbbc07b03f466541ce0,picture_frame
03f18e41c8808dd0031637e759ac79a388477f52,picture_frame
e33bad4ffd6713bbed50be821dbb0f7bd5711d99,picture_frame
240ed54f2ae16f7a49c7b269520873d66eb0e60b,picture_frame
ab9cfa493bdee58a1b3af3894507354badfdb6cb,picture_frame
f8a9c7497f063378e4cef9d413f2012f3fa1d344,picture_frame
7b4ca77d236d65ef61572a5cad361c33a6976021,picture_frame
b1512215bb6f7a6dd58347b8c1f4779bcd725e07,picture_frame
95b16ed9f169c4ae4f5ccbd53b4bd0161a5cc648,picture_frame
b197329530721482bd16661dff686e879cd3da27,picture_frame
555d1a5037fb58d845a78b04a3c1d84f49bf234e,picture_frame
d516aeceef849a09918f3b92e3fb422b7b29e64c,picture_frame
7251c7d128ec42f88c4ac07568ecfe9fac7e86d7,picture_frame
5b370f537fda5e97a00b491d7469b0761e2570bc,picture_frame
e224baea26e7b0fd89874acd6fa7b133e1237980,picture_frame
01edac706c8e5f84fbfe967d135a85e316577079,picture_frame
c8d16af73e07db7b9ff1aea7bc583f22f9166d72,picture_frame
3bfcfba0a45e2072466f4b9adb6efb1bc4344b75,picture_frame
3dd23dc556fc4cfddb51b24987f1758ca0db4f2c,picture_frame
0a5a4f2e2d6efa832a9ed38f8cd7525e14918229,picture_frame
5d86773c65693756dfc04f93fe8fe4d8531542d0,picture_frame
5063d7a560f9af30a6fdec857fc51d7008c60fd3,picture_frame
1d4605b3818fd784ce4349f51f2889939fe35280,picture_frame
a605f9b69231c0dbb78dc7c86a78c8a47fb3c644,picture_frame
2c1633348f01bcd9dfd81539bb4fcd3621383ea9,picture_frame
77c10cc18f4241f48a0ef8ddac3f1102956354ad,picture_frame
c03338f63524b422e6445dc7415b809f6232b267,picture_frame
83b8099aa1e0eea607d2f17237bdae262540aabd,picture_frame
2c11f248d7a633af0888652b13ba205b025f1982,picture_frame
948eae8060fbc344f932fc92668629d5298eb12b,picture_frame
4e76453bf06fa1e1a44d8ef8abbcbdc01f253c1c,picture_frame
0d6a5d4caa52b91749b4a6e3e7dffffa5d3357f9,picture_frame
00d174d0fee4a8c71035f39fc1a05be45d64ef95,picture_frame
897e2694262ced54051ee948dd318d15ecffafc3,picture_frame
7f9a205dc3b6a9040f5343de66b404696dee8f57,picture_frame
d8f8ec2820ae04366a78bfd49e7393c3a388696a,picture_frame
xxxx575ccbc9x7677x434bx8bf1xf82880799acc,picture_frame
4823bfe94520f3df3bb07ab8c5d95c197f68f2c8,stuffed toy
d2c0aeb28407ba01f6934b50e7078b6a7103f49a,spectacles
74719799dd6db4311fb6cb0a62f9e2892006e2b7,spectacles
e903b2fc42ecaa04ba1facfed58e4e7ae4795c51,spectacles
1b6b4fba98a44faaf0d99aec2d224e2d60216230,spicemill
60ca191abdd4d03733365c6ba4494275aeef9862,spicemill
eee3b2d1fa82d72e09107a69f66e366363c58619,spicemill
913d6033893eb7c63eb93a7e668d7b91c3af7bfb,spicemill
b0e85675655f936f71c6b47f6bf0bcd09e4e09cb,spicemill
7c490b5d7f1dbf8c98a77c14975344a28eeb7196,spicemill
cec99a2d825cd1d6ef1ddd1043b6bb06797980b1,spicemill
cd77c8f1b272d2776dc5f7a89dad82a1cdb4ebc8,teapot
c7a409e41936a6b12e017b30d9328aac5bf0de93,teapot
79d0108478f89df6a9556b733718de3731af4e0c,teapot
3e991a6cc8ed46bb9f3b9641e7062ce627fe7ca9,teapot
bbf4aa8262d369bc6b16a1669d7acf4c2a4d7b89,teapot
d0a06a5a905aee68c410b6ca8714bde74a834df5,teapot
303b98fac9e22c364d2e7770ef586f9c963df7e8,teapot
514bcfa03c15eae74fc4ee090c9e3186100ecede,teapot
4db7a1a5377cf18b8a14ab335a2970724ec43f2c,teapot
9b3b1dd57b887fb075ae1764b5f3925daaaabe2a,teapot
58b91f6a212bde731f0f3da2cb4fec30d13396d6,teapot
1b8049a707cc4f4b440d7a60b24dcf73065aaa88,teapot
